vgs ,M0:vearly vds 0  (V),M0:vearly vds 0.1  (V),M0:vearly vds 0.2  (V),M0:vearly vds 0.3  (V),M0:vearly vds 0.4  (V),M0:vearly vds 0.5  (V),M0:vearly vds 0.6  (V),M0:vearly vds 0.7  (V),M0:vearly vds 0.8  (V),M0:vearly vds 0.9  (V),M0:vearly vds 1  (V),M0:vearly vds 1.1  (V),M0:vearly vds 1.2  (V),M0:vdsat vds 0 ,M0:vdsat vds 0.1 ,M0:vdsat vds 0.2 ,M0:vdsat vds 0.3 ,M0:vdsat vds 0.4 ,M0:vdsat vds 0.5 ,M0:vdsat vds 0.6 ,M0:vdsat vds 0.7 ,M0:vdsat vds 0.8 ,M0:vdsat vds 0.9 ,M0:vdsat vds 1 ,M0:vdsat vds 1.1 ,M0:vdsat vds 1.2 ,M0:self_gain vds 0 ,M0:self_gain vds 0.1 ,M0:self_gain vds 0.2 ,M0:self_gain vds 0.3 ,M0:self_gain vds 0.4 ,M0:self_gain vds 0.5 ,M0:self_gain vds 0.6 ,M0:self_gain vds 0.7 ,M0:self_gain vds 0.8 ,M0:self_gain vds 0.9 ,M0:self_gain vds 1 ,M0:self_gain vds 1.1 ,M0:self_gain vds 1.2 ,M0:region vds 0 ,M0:region vds 0.1 ,M0:region vds 0.2 ,M0:region vds 0.3 ,M0:region vds 0.4 ,M0:region vds 0.5 ,M0:region vds 0.6 ,M0:region vds 0.7 ,M0:region vds 0.8 ,M0:region vds 0.9 ,M0:region vds 1 ,M0:region vds 1.1 ,M0:region vds 1.2 ,M0:id vds 0 ,M0:id vds 0.1 ,M0:id vds 0.2 ,M0:id vds 0.3 ,M0:id vds 0.4 ,M0:id vds 0.5 ,M0:id vds 0.6 ,M0:id vds 0.7 ,M0:id vds 0.8 ,M0:id vds 0.9 ,M0:id vds 1 ,M0:id vds 1.1 ,M0:id vds 1.2 ,M0:gmoverid vds 0 ,M0:gmoverid vds 0.1 ,M0:gmoverid vds 0.2 ,M0:gmoverid vds 0.3 ,M0:gmoverid vds 0.4 ,M0:gmoverid vds 0.5 ,M0:gmoverid vds 0.6 ,M0:gmoverid vds 0.7 ,M0:gmoverid vds 0.8 ,M0:gmoverid vds 0.9 ,M0:gmoverid vds 1 ,M0:gmoverid vds 1.1 ,M0:gmoverid vds 1.2 ,M0:gmbs vds 0 ,M0:gmbs vds 0.1 ,M0:gmbs vds 0.2 ,M0:gmbs vds 0.3 ,M0:gmbs vds 0.4 ,M0:gmbs vds 0.5 ,M0:gmbs vds 0.6 ,M0:gmbs vds 0.7 ,M0:gmbs vds 0.8 ,M0:gmbs vds 0.9 ,M0:gmbs vds 1 ,M0:gmbs vds 1.1 ,M0:gmbs vds 1.2 ,M0:gm vds 0 ,M0:gm vds 0.1 ,M0:gm vds 0.2 ,M0:gm vds 0.3 ,M0:gm vds 0.4 ,M0:gm vds 0.5 ,M0:gm vds 0.6 ,M0:gm vds 0.7 ,M0:gm vds 0.8 ,M0:gm vds 0.9 ,M0:gm vds 1 ,M0:gm vds 1.1 ,M0:gm vds 1.2 ,M0:gds vds 0 ,M0:gds vds 0.1 ,M0:gds vds 0.2 ,M0:gds vds 0.3 ,M0:gds vds 0.4 ,M0:gds vds 0.5 ,M0:gds vds 0.6 ,M0:gds vds 0.7 ,M0:gds vds 0.8 ,M0:gds vds 0.9 ,M0:gds vds 1 ,M0:gds vds 1.1 ,M0:gds vds 1.2 ,M0:ft vds 0 ,M0:ft vds 0.1 ,M0:ft vds 0.2 ,M0:ft vds 0.3 ,M0:ft vds 0.4 ,M0:ft vds 0.5 ,M0:ft vds 0.6 ,M0:ft vds 0.7 ,M0:ft vds 0.8 ,M0:ft vds 0.9 ,M0:ft vds 1 ,M0:ft vds 1.1 ,M0:ft vds 1.2 ,M0:csb vds 0 ,M0:csb vds 0.1 ,M0:csb vds 0.2 ,M0:csb vds 0.3 ,M0:csb vds 0.4 ,M0:csb vds 0.5 ,M0:csb vds 0.6 ,M0:csb vds 0.7 ,M0:csb vds 0.8 ,M0:csb vds 0.9 ,M0:csb vds 1 ,M0:csb vds 1.1 ,M0:csb vds 1.2 ,M0:cgs vds 0 ,M0:cgs vds 0.1 ,M0:cgs vds 0.2 ,M0:cgs vds 0.3 ,M0:cgs vds 0.4 ,M0:cgs vds 0.5 ,M0:cgs vds 0.6 ,M0:cgs vds 0.7 ,M0:cgs vds 0.8 ,M0:cgs vds 0.9 ,M0:cgs vds 1 ,M0:cgs vds 1.1 ,M0:cgs vds 1.2 ,M0:cgb vds 0 ,M0:cgb vds 0.1 ,M0:cgb vds 0.2 ,M0:cgb vds 0.3 ,M0:cgb vds 0.4 ,M0:cgb vds 0.5 ,M0:cgb vds 0.6 ,M0:cgb vds 0.7 ,M0:cgb vds 0.8 ,M0:cgb vds 0.9 ,M0:cgb vds 1 ,M0:cgb vds 1.1 ,M0:cgb vds 1.2 ,M0:cgd vds 0 ,M0:cgd vds 0.1 ,M0:cgd vds 0.2 ,M0:cgd vds 0.3 ,M0:cgd vds 0.4 ,M0:cgd vds 0.5 ,M0:cgd vds 0.6 ,M0:cgd vds 0.7 ,M0:cgd vds 0.8 ,M0:cgd vds 0.9 ,M0:cgd vds 1 ,M0:cgd vds 1.1 ,M0:cgd vds 1.2 ,M0:cds vds 0 ,M0:cds vds 0.1 ,M0:cds vds 0.2 ,M0:cds vds 0.3 ,M0:cds vds 0.4 ,M0:cds vds 0.5 ,M0:cds vds 0.6 ,M0:cds vds 0.7 ,M0:cds vds 0.8 ,M0:cds vds 0.9 ,M0:cds vds 1 ,M0:cds vds 1.1 ,M0:cds vds 1.2 ,M0:cdb vds 0 ,M0:cdb vds 0.1 ,M0:cdb vds 0.2 ,M0:cdb vds 0.3 ,M0:cdb vds 0.4 ,M0:cdb vds 0.5 ,M0:cdb vds 0.6 ,M0:cdb vds 0.7 ,M0:cdb vds 0.8 ,M0:cdb vds 0.9 ,M0:cdb vds 1 ,M0:cdb vds 1.1 ,M0:cdb vds 1.2 
0.000,0.000,200.6E-3,334.6E-3,351.8E-3,358.1E-3,361.9E-3,364.9E-3,367.5E-3,369.9E-3,372.2E-3,374.5E-3,376.6E-3,378.7E-3,101.4E-3,101.5E-3,101.7E-3,102.0E-3,102.2E-3,102.4E-3,102.6E-3,102.9E-3,103.1E-3,103.3E-3,103.5E-3,103.8E-3,104.0E-3,0.000,5.304,8.828,9.260,9.403,9.481,9.536,9.580,9.619,9.655,9.688,9.718,9.746,0.000,0.000,0.000,0.000,0.000,0.000,0.000,0.000,0.000,0.000,0.000,0.000,0.000,1.524E-51,1.890E-9,2.687E-9,3.591E-9,4.760E-9,6.285E-9,8.278E-9,10.88E-9,14.28E-9,18.70E-9,24.45E-9,31.92E-9,41.61E-9,0.000,26.44,26.38,26.32,26.26,26.20,26.13,26.07,26.00,25.94,25.87,25.80,25.74,0.000,4.840E-9,6.734E-9,8.783E-9,11.35E-9,14.62E-9,18.77E-9,24.03E-9,30.71E-9,39.16E-9,49.83E-9,63.28E-9,80.20E-9,0.000,49.96E-9,70.88E-9,94.48E-9,124.9E-9,164.5E-9,216.0E-9,283.2E-9,370.5E-9,483.8E-9,630.8E-9,821.1E-9,1.067E-6,37.84E-9,9.418E-9,8.030E-9,10.20E-9,13.28E-9,17.35E-9,22.66E-9,29.56E-9,38.51E-9,50.11E-9,65.11E-9,84.50E-9,109.5E-9,0.000,9.261E6,13.26E6,17.82E6,23.70E6,31.37E6,41.37E6,54.40E6,71.37E6,93.42E6,122.0E6,159.1E6,207.1E6,942.7E-18,942.7E-18,942.7E-18,942.7E-18,942.7E-18,942.7E-18,942.7E-18,942.7E-18,942.7E-18,942.7E-18,942.7E-18,942.7E-18,942.7E-18,365.9E-18,365.9E-18,365.9E-18,365.9E-18,365.9E-18,365.9E-18,365.9E-18,365.9E-18,365.9E-18,365.9E-18,365.9E-18,365.9E-18,365.9E-18,133.8E-18,133.8E-18,133.8E-18,133.8E-18,133.8E-18,133.8E-18,133.8E-18,133.8E-18,133.8E-18,133.8E-18,133.8E-18,133.8E-18,133.8E-18,365.9E-18,358.8E-18,351.0E-18,344.3E-18,339.0E-18,334.8E-18,331.4E-18,328.7E-18,326.5E-18,324.6E-18,323.0E-18,321.6E-18,320.3E-18,-796.5E-24,-1.048E-21,-1.045E-21,-1.044E-21,-1.044E-21,-1.044E-21,-1.044E-21,-1.044E-21,-1.044E-21,-1.044E-21,-1.044E-21,-1.044E-21,-1.044E-21,942.7E-18,886.6E-18,841.1E-18,802.9E-18,770.3E-18,742.0E-18,717.1E-18,695.1E-18,675.4E-18,657.7E-18,641.6E-18,627.0E-18,613.6E-18
50.00E-3,0.000,201.6E-3,338.1E-3,355.9E-3,362.3E-3,366.3E-3,369.4E-3,372.2E-3,374.7E-3,377.2E-3,379.6E-3,382.0E-3,384.3E-3,101.5E-3,101.6E-3,101.8E-3,102.0E-3,102.2E-3,102.5E-3,102.7E-3,102.9E-3,103.1E-3,103.3E-3,103.6E-3,103.8E-3,104.0E-3,0.000,5.351,8.956,9.403,9.549,9.629,9.685,9.730,9.769,9.805,9.838,9.869,9.896,0.000,0.000,0.000,0.000,0.000,0.000,0.000,3.000,3.000,3.000,3.000,3.000,3.000,-13.23E-15,7.107E-9,10.08E-9,13.42E-9,17.73E-9,23.33E-9,30.61E-9,40.10E-9,52.41E-9,68.39E-9,89.09E-9,115.9E-9,150.4E-9,0.000,26.55,26.49,26.42,26.35,26.29,26.22,26.14,26.07,26.00,25.92,25.84,25.75,0.000,17.42E-9,24.17E-9,31.42E-9,40.48E-9,51.94E-9,66.45E-9,84.80E-9,108.0E-9,137.1E-9,173.8E-9,219.7E-9,277.2E-9,0.000,188.7E-9,266.9E-9,354.6E-9,467.1E-9,613.0E-9,802.3E-9,1.048E-6,1.366E-6,1.777E-6,2.307E-6,2.991E-6,3.870E-6,142.5E-9,35.25E-9,29.80E-9,37.71E-9,48.92E-9,63.66E-9,82.84E-9,107.7E-9,139.8E-9,181.2E-9,234.5E-9,303.1E-9,391.1E-9,0.000,34.88E6,49.80E6,66.73E6,88.54E6,116.8E6,153.6E6,201.4E6,263.2E6,343.3E6,446.8E6,580.2E6,751.9E6,942.7E-18,942.7E-18,942.7E-18,942.7E-18,942.7E-18,942.7E-18,942.7E-18,942.7E-18,942.7E-18,942.7E-18,942.7E-18,942.7E-18,942.7E-18,368.7E-18,368.7E-18,368.7E-18,368.7E-18,368.7E-18,368.7E-18,368.7E-18,368.7E-18,368.7E-18,368.7E-18,368.7E-18,368.7E-18,368.7E-18,129.5E-18,129.5E-18,129.5E-18,129.5E-18,129.5E-18,129.5E-18,129.5E-18,129.5E-18,129.5E-18,129.5E-18,129.5E-18,129.5E-18,129.5E-18,368.7E-18,362.6E-18,354.9E-18,347.5E-18,341.5E-18,336.7E-18,333.0E-18,330.0E-18,327.6E-18,325.5E-18,323.8E-18,322.2E-18,320.9E-18,-4.508E-21,-5.925E-21,-5.907E-21,-5.902E-21,-5.900E-21,-5.899E-21,-5.899E-21,-5.899E-21,-5.899E-21,-5.899E-21,-5.899E-21,-5.899E-21,-5.899E-21,942.7E-18,886.6E-18,841.1E-18,802.9E-18,770.3E-18,742.0E-18,717.1E-18,695.1E-18,675.4E-18,657.7E-18,641.6E-18,627.0E-18,613.6E-18
100.0E-3,0.000,202.6E-3,342.0E-3,360.4E-3,367.2E-3,371.4E-3,374.8E-3,377.8E-3,380.7E-3,383.6E-3,386.5E-3,389.5E-3,392.7E-3,101.5E-3,101.6E-3,101.8E-3,102.0E-3,102.3E-3,102.5E-3,102.7E-3,102.9E-3,103.2E-3,103.4E-3,103.6E-3,103.9E-3,104.1E-3,0.000,5.394,9.085,9.547,9.698,9.780,9.836,9.882,9.921,9.958,9.991,10.02,10.05,0.000,0.000,3.000,3.000,3.000,3.000,3.000,3.000,3.000,3.000,3.000,3.000,3.000,-50.80E-15,26.86E-9,37.96E-9,50.39E-9,66.31E-9,86.93E-9,113.6E-9,148.2E-9,193.0E-9,250.7E-9,325.1E-9,420.6E-9,543.2E-9,0.000,26.63,26.56,26.49,26.41,26.33,26.25,26.16,26.06,25.96,25.85,25.72,25.59,0.000,63.20E-9,87.41E-9,113.2E-9,145.3E-9,185.7E-9,236.5E-9,300.4E-9,380.5E-9,480.6E-9,605.4E-9,760.4E-9,952.1E-9,0.000,715.1E-9,1.008E-6,1.335E-6,1.751E-6,2.289E-6,2.982E-6,3.877E-6,5.028E-6,6.507E-6,8.400E-6,10.82E-6,13.90E-6,539.2E-9,132.6E-9,111.0E-9,139.8E-9,180.6E-9,234.0E-9,303.2E-9,392.3E-9,506.8E-9,653.5E-9,840.8E-9,1.080E-6,1.383E-6,0.000,132.0E6,187.7E6,250.6E6,331.5E6,436.0E6,571.1E6,745.3E6,969.9E6,1.258E9,1.628E9,2.101E9,2.704E9,942.7E-18,942.7E-18,942.7E-18,942.7E-18,942.7E-18,942.7E-18,942.7E-18,942.7E-18,942.7E-18,942.7E-18,942.7E-18,942.7E-18,942.7E-18,370.8E-18,370.8E-18,370.8E-18,370.8E-18,370.8E-18,370.8E-18,370.8E-18,370.8E-18,370.8E-18,370.8E-18,370.8E-18,370.8E-18,370.8E-18,125.6E-18,125.6E-18,125.6E-18,125.6E-18,125.6E-18,125.6E-18,125.6E-18,125.6E-18,125.6E-18,125.6E-18,125.6E-18,125.6E-18,125.6E-18,370.8E-18,365.9E-18,358.8E-18,351.0E-18,344.3E-18,339.0E-18,334.8E-18,331.4E-18,328.7E-18,326.5E-18,324.6E-18,323.0E-18,321.6E-18,-25.68E-21,-33.71E-21,-33.60E-21,-33.57E-21,-33.56E-21,-33.56E-21,-33.55E-21,-33.55E-21,-33.55E-21,-33.55E-21,-33.55E-21,-33.55E-21,-33.55E-21,942.7E-18,886.6E-18,841.1E-18,802.9E-18,770.3E-18,742.0E-18,717.1E-18,695.1E-18,675.4E-18,657.7E-18,641.6E-18,627.0E-18,613.6E-18
150.0E-3,0.000,203.6E-3,346.7E-3,366.2E-3,373.5E-3,378.4E-3,382.5E-3,386.3E-3,390.3E-3,394.5E-3,399.1E-3,404.0E-3,409.5E-3,101.6E-3,101.7E-3,101.9E-3,102.1E-3,102.3E-3,102.6E-3,102.8E-3,103.0E-3,103.3E-3,103.5E-3,103.8E-3,104.1E-3,104.3E-3,0.000,5.426,9.212,9.693,9.848,9.932,9.989,10.03,10.07,10.11,10.14,10.17,10.20,3.000,3.000,3.000,3.000,3.000,3.000,3.000,3.000,3.000,3.000,3.000,3.000,3.000,-117.2E-15,101.8E-9,143.4E-9,189.5E-9,248.2E-9,323.9E-9,421.2E-9,546.4E-9,706.9E-9,912.1E-9,1.174E-6,1.505E-6,1.925E-6,0.000,26.65,26.57,26.47,26.37,26.25,26.12,25.97,25.81,25.63,25.41,25.17,24.90,0.000,230.3E-9,317.2E-9,408.8E-9,521.8E-9,662.6E-9,838.0E-9,1.056E-6,1.325E-6,1.657E-6,2.062E-6,2.555E-6,3.148E-6,0.000,2.712E-6,3.809E-6,5.016E-6,6.545E-6,8.501E-6,11.00E-6,14.19E-6,18.25E-6,23.37E-6,29.82E-6,37.89E-6,47.92E-6,2.044E-6,499.8E-9,413.5E-9,517.5E-9,664.6E-9,855.9E-9,1.101E-6,1.414E-6,1.811E-6,2.312E-6,2.941E-6,3.726E-6,4.700E-6,0.000,499.9E6,707.2E6,939.7E6,1.237E9,1.618E9,2.106E9,2.729E9,3.521E9,4.524E9,5.787E9,7.369E9,9.336E9,942.7E-18,942.7E-18,942.7E-18,942.7E-18,942.7E-18,942.7E-18,942.7E-18,942.7E-18,942.7E-18,942.7E-18,942.7E-18,942.7E-18,942.7E-18,372.6E-18,372.7E-18,372.7E-18,372.7E-18,372.7E-18,372.7E-18,372.7E-18,372.7E-18,372.7E-18,372.7E-18,372.7E-18,372.7E-18,372.7E-18,122.0E-18,122.0E-18,122.0E-18,122.0E-18,122.0E-18,122.0E-18,122.0E-18,122.0E-18,122.0E-18,122.0E-18,122.0E-18,122.0E-18,122.0E-18,372.6E-18,368.7E-18,362.6E-18,354.9E-18,347.5E-18,341.5E-18,336.7E-18,333.0E-18,330.0E-18,327.6E-18,325.5E-18,323.8E-18,322.2E-18,-147.0E-21,-192.7E-21,-192.1E-21,-191.9E-21,-191.8E-21,-191.8E-21,-191.8E-21,-191.8E-21,-191.8E-21,-191.8E-21,-191.8E-21,-191.8E-21,-191.8E-21,942.7E-18,886.7E-18,841.1E-18,802.9E-18,770.3E-18,742.0E-18,717.1E-18,695.1E-18,675.4E-18,657.7E-18,641.7E-18,627.0E-18,613.7E-18
200.0E-3,0.000,204.7E-3,353.7E-3,375.4E-3,384.5E-3,391.2E-3,397.4E-3,403.8E-3,410.8E-3,418.5E-3,427.1E-3,436.6E-3,447.2E-3,101.7E-3,101.8E-3,102.0E-3,102.2E-3,102.5E-3,102.7E-3,103.0E-3,103.3E-3,103.6E-3,103.9E-3,104.3E-3,104.7E-3,105.1E-3,0.000,5.418,9.325,9.835,9.996,10.08,10.14,10.18,10.22,10.25,10.28,10.31,10.33,3.000,3.000,3.000,3.000,3.000,3.000,3.000,3.000,3.000,3.000,3.000,3.000,3.000,-218.3E-15,384.5E-9,539.2E-9,708.2E-9,921.2E-9,1.192E-6,1.536E-6,1.972E-6,2.521E-6,3.209E-6,4.065E-6,5.124E-6,6.426E-6,0.000,26.47,26.36,26.19,26.00,25.77,25.51,25.22,24.88,24.50,24.08,23.61,23.10,0.000,833.2E-9,1.141E-6,1.457E-6,1.839E-6,2.306E-6,2.874E-6,3.561E-6,4.384E-6,5.359E-6,6.504E-6,7.833E-6,9.357E-6,0.000,10.18E-6,14.22E-6,18.55E-6,23.95E-6,30.72E-6,39.20E-6,49.73E-6,62.72E-6,78.62E-6,97.87E-6,121.0E-6,148.4E-6,7.702E-6,1.879E-6,1.524E-6,1.886E-6,2.396E-6,3.048E-6,3.866E-6,4.884E-6,6.137E-6,7.667E-6,9.517E-6,11.74E-6,14.37E-6,0.000,1.873E9,2.630E9,3.461E9,4.509E9,5.831E9,7.486E9,9.546E9,12.09E9,15.20E9,18.98E9,23.51E9,28.90E9,942.9E-18,942.9E-18,942.9E-18,942.9E-18,942.9E-18,942.9E-18,942.9E-18,942.9E-18,942.9E-18,942.9E-18,942.9E-18,942.9E-18,942.9E-18,375.5E-18,375.8E-18,375.8E-18,375.8E-18,375.8E-18,375.8E-18,375.8E-18,375.8E-18,375.8E-18,375.8E-18,375.8E-18,375.8E-18,375.8E-18,118.4E-18,118.6E-18,118.6E-18,118.6E-18,118.6E-18,118.6E-18,118.6E-18,118.6E-18,118.6E-18,118.6E-18,118.6E-18,118.6E-18,118.6E-18,375.5E-18,370.8E-18,365.9E-18,358.8E-18,351.0E-18,344.3E-18,339.0E-18,334.8E-18,331.4E-18,328.7E-18,326.5E-18,324.6E-18,323.0E-18,-839.7E-21,-1.101E-18,-1.097E-18,-1.096E-18,-1.096E-18,-1.096E-18,-1.096E-18,-1.096E-18,-1.096E-18,-1.096E-18,-1.096E-18,-1.096E-18,-1.096E-18,942.9E-18,886.7E-18,841.2E-18,803.0E-18,770.4E-18,742.1E-18,717.2E-18,695.2E-18,675.5E-18,657.8E-18,641.7E-18,627.1E-18,613.7E-18
250.0E-3,0.000,205.3E-3,367.7E-3,395.3E-3,408.8E-3,420.0E-3,431.2E-3,443.0E-3,455.8E-3,469.8E-3,485.1E-3,501.5E-3,519.3E-3,101.9E-3,102.0E-3,102.2E-3,102.6E-3,102.9E-3,103.3E-3,103.7E-3,104.2E-3,104.7E-3,105.3E-3,106.0E-3,106.8E-3,107.7E-3,0.000,5.279,9.383,9.953,10.13,10.22,10.27,10.32,10.35,10.38,10.41,10.43,10.44,3.000,3.000,3.000,3.000,3.000,3.000,3.000,3.000,3.000,3.000,3.000,3.000,3.000,-365.2E-15,1.423E-6,1.981E-6,2.570E-6,3.295E-6,4.193E-6,5.304E-6,6.668E-6,8.330E-6,10.34E-6,12.75E-6,15.61E-6,18.99E-6,0.000,25.71,25.52,25.18,24.77,24.32,23.83,23.29,22.71,22.09,21.45,20.79,20.11,0.000,2.892E-6,3.917E-6,4.905E-6,6.049E-6,7.385E-6,8.935E-6,10.71E-6,12.73E-6,14.99E-6,17.49E-6,20.22E-6,23.16E-6,0.000,36.59E-6,50.54E-6,64.69E-6,81.62E-6,102.0E-6,126.4E-6,155.3E-6,189.1E-6,228.4E-6,273.5E-6,324.6E-6,382.0E-6,28.15E-6,6.930E-6,5.386E-6,6.500E-6,8.059E-6,9.984E-6,12.30E-6,15.05E-6,18.27E-6,22.01E-6,26.28E-6,31.13E-6,36.58E-6,0.000,6.657E9,9.234E9,11.90E9,15.15E9,19.10E9,23.84E9,29.45E9,36.04E9,43.68E9,52.45E9,62.41E9,73.60E9,943.9E-18,943.6E-18,943.6E-18,943.6E-18,943.6E-18,943.6E-18,943.6E-18,943.6E-18,943.6E-18,943.6E-18,943.6E-18,943.6E-18,943.6E-18,385.9E-18,387.8E-18,387.8E-18,387.8E-18,387.8E-18,387.8E-18,387.8E-18,387.8E-18,387.8E-18,387.8E-18,387.8E-18,387.8E-18,387.8E-18,113.7E-18,114.6E-18,114.6E-18,114.6E-18,114.6E-18,114.6E-18,114.6E-18,114.6E-18,114.6E-18,114.6E-18,114.6E-18,114.6E-18,114.6E-18,385.9E-18,372.4E-18,368.7E-18,362.6E-18,354.9E-18,347.5E-18,341.5E-18,336.7E-18,333.0E-18,330.0E-18,327.6E-18,325.5E-18,323.8E-18,-4.636E-18,-6.112E-18,-6.091E-18,-6.084E-18,-6.083E-18,-6.082E-18,-6.082E-18,-6.081E-18,-6.081E-18,-6.081E-18,-6.081E-18,-6.081E-18,-6.081E-18,943.9E-18,887.2E-18,841.6E-18,803.5E-18,770.8E-18,742.5E-18,717.7E-18,695.6E-18,676.0E-18,658.2E-18,642.2E-18,627.6E-18,614.2E-18
300.0E-3,0.000,203.6E-3,396.8E-3,438.3E-3,460.2E-3,479.0E-3,497.7E-3,517.1E-3,537.7E-3,559.6E-3,583.0E-3,607.7E-3,633.8E-3,102.6E-3,102.7E-3,103.2E-3,103.7E-3,104.4E-3,105.1E-3,106.0E-3,106.9E-3,108.0E-3,109.2E-3,110.6E-3,112.1E-3,113.7E-3,0.000,4.812,9.280,10.01,10.22,10.32,10.38,10.42,10.46,10.48,10.51,10.53,10.54,3.000,3.000,3.000,3.000,3.000,3.000,3.000,3.000,2.000,2.000,2.000,2.000,2.000,-586.3E-15,4.919E-6,6.767E-6,8.583E-6,10.72E-6,13.26E-6,16.28E-6,19.82E-6,23.96E-6,28.75E-6,34.25E-6,40.52E-6,47.60E-6,0.000,23.63,23.39,22.83,22.21,21.54,20.86,20.16,19.45,18.73,18.02,17.32,16.63,0.000,8.886E-6,11.86E-6,14.36E-6,17.04E-6,19.98E-6,23.18E-6,26.62E-6,30.29E-6,34.16E-6,38.18E-6,42.31E-6,46.50E-6,0.000,116.3E-6,158.3E-6,196.0E-6,238.0E-6,285.7E-6,339.5E-6,399.6E-6,466.0E-6,538.7E-6,617.4E-6,701.7E-6,791.4E-6,94.15E-6,24.16E-6,17.06E-6,19.58E-6,23.29E-6,27.69E-6,32.71E-6,38.34E-6,44.56E-6,51.38E-6,58.76E-6,66.67E-6,75.10E-6,0.000,20.09E9,27.45E9,34.17E9,41.83E9,50.64E9,60.62E9,71.78E9,84.11E9,97.60E9,112.2E9,127.9E9,144.5E9,948.3E-18,946.8E-18,946.8E-18,946.8E-18,946.8E-18,946.8E-18,946.8E-18,946.8E-18,946.8E-18,946.8E-18,946.8E-18,946.8E-18,946.8E-18,429.7E-18,439.7E-18,439.6E-18,439.5E-18,439.5E-18,439.5E-18,439.5E-18,439.5E-18,439.5E-18,439.5E-18,439.5E-18,439.5E-18,439.5E-18,103.6E-18,107.4E-18,107.4E-18,107.5E-18,107.5E-18,107.5E-18,107.5E-18,107.5E-18,107.5E-18,107.5E-18,107.5E-18,107.5E-18,107.5E-18,429.7E-18,373.9E-18,370.8E-18,365.9E-18,358.8E-18,351.0E-18,344.3E-18,339.0E-18,334.8E-18,331.4E-18,328.7E-18,326.5E-18,324.6E-18,-21.45E-18,-29.13E-18,-29.00E-18,-28.96E-18,-28.95E-18,-28.95E-18,-28.95E-18,-28.94E-18,-28.94E-18,-28.94E-18,-28.94E-18,-28.94E-18,-28.94E-18,948.3E-18,889.2E-18,843.6E-18,805.5E-18,772.8E-18,744.5E-18,719.7E-18,697.6E-18,678.0E-18,660.2E-18,644.2E-18,629.6E-18,616.2E-18
350.0E-3,0.000,194.2E-3,441.5E-3,512.0E-3,547.9E-3,577.2E-3,605.3E-3,634.0E-3,663.9E-3,695.2E-3,727.9E-3,761.9E-3,797.2E-3,105.0E-3,105.3E-3,106.2E-3,107.4E-3,108.7E-3,110.1E-3,111.7E-3,113.4E-3,115.2E-3,117.2E-3,119.3E-3,121.5E-3,123.8E-3,0.000,3.897,8.838,9.934,10.25,10.38,10.45,10.50,10.54,10.56,10.59,10.60,10.61,3.000,3.000,3.000,2.000,2.000,2.000,2.000,2.000,2.000,2.000,2.000,2.000,2.000,-950.1E-15,14.74E-6,20.10E-6,24.74E-6,29.86E-6,35.67E-6,42.24E-6,49.64E-6,57.91E-6,67.08E-6,77.20E-6,88.29E-6,100.4E-6,0.000,20.07,20.02,19.40,18.70,17.98,17.27,16.56,15.87,15.20,14.54,13.91,13.31,0.000,21.90E-6,29.22E-6,34.09E-6,38.79E-6,43.55E-6,48.40E-6,53.31E-6,58.23E-6,63.10E-6,67.88E-6,72.52E-6,76.97E-6,0.000,295.7E-6,402.4E-6,480.0E-6,558.5E-6,641.5E-6,729.5E-6,822.1E-6,919.0E-6,1.019E-3,1.123E-3,1.228E-3,1.336E-3,266.9E-6,75.89E-6,45.53E-6,48.32E-6,54.51E-6,61.80E-6,69.78E-6,78.29E-6,87.22E-6,96.50E-6,106.1E-6,115.9E-6,125.9E-6,0.000,45.06E9,61.64E9,73.81E9,86.40E9,100.0E9,114.5E9,129.9E9,145.8E9,162.4E9,179.4E9,196.8E9,214.4E9,958.2E-18,954.4E-18,954.2E-18,954.2E-18,954.2E-18,954.2E-18,954.2E-18,954.2E-18,954.2E-18,954.2E-18,954.2E-18,954.2E-18,954.2E-18,534.5E-18,573.2E-18,572.4E-18,572.1E-18,572.0E-18,572.0E-18,572.0E-18,572.0E-18,572.0E-18,572.0E-18,572.0E-18,572.0E-18,572.0E-18,84.08E-18,93.75E-18,94.10E-18,94.14E-18,94.15E-18,94.15E-18,94.15E-18,94.15E-18,94.15E-18,94.15E-18,94.15E-18,94.15E-18,94.15E-18,534.5E-18,377.6E-18,372.5E-18,368.7E-18,362.6E-18,354.9E-18,347.5E-18,341.5E-18,336.7E-18,333.0E-18,330.0E-18,327.6E-18,325.5E-18,-62.16E-18,-91.09E-18,-90.46E-18,-90.25E-18,-90.19E-18,-90.17E-18,-90.15E-18,-90.15E-18,-90.14E-18,-90.14E-18,-90.14E-18,-90.14E-18,-90.14E-18,958.2E-18,894.7E-18,848.9E-18,810.7E-18,778.0E-18,749.7E-18,724.9E-18,702.8E-18,683.1E-18,665.4E-18,649.4E-18,634.8E-18,621.4E-18
400.0E-3,0.000,177.8E-3,486.6E-3,614.3E-3,674.8E-3,719.3E-3,759.6E-3,799.2E-3,839.4E-3,880.6E-3,922.8E-3,966.0E-3,1.010,110.9E-3,111.5E-3,113.1E-3,115.0E-3,117.1E-3,119.3E-3,121.6E-3,124.0E-3,126.5E-3,129.1E-3,131.7E-3,134.5E-3,137.4E-3,0.000,2.833,7.877,9.636,10.16,10.37,10.48,10.54,10.58,10.62,10.64,10.65,10.66,1.000,1.000,2.000,2.000,2.000,2.000,2.000,2.000,2.000,2.000,2.000,2.000,2.000,-1.572E-12,36.22E-6,49.69E-6,59.43E-6,69.36E-6,80.05E-6,91.63E-6,104.2E-6,117.7E-6,132.2E-6,147.7E-6,164.2E-6,181.6E-6,0.000,15.93,16.19,15.69,15.06,14.42,13.79,13.19,12.61,12.05,11.53,11.02,10.55,0.000,41.76E-6,57.05E-6,64.76E-6,71.05E-6,76.87E-6,82.39E-6,87.64E-6,92.61E-6,97.27E-6,101.6E-6,105.6E-6,109.2E-6,0.000,577.1E-6,804.4E-6,932.2E-6,1.045E-3,1.154E-3,1.264E-3,1.374E-3,1.484E-3,1.594E-3,1.702E-3,1.810E-3,1.916E-3,614.2E-6,203.7E-6,102.1E-6,96.75E-6,102.8E-6,111.3E-6,120.6E-6,130.3E-6,140.2E-6,150.1E-6,160.0E-6,169.9E-6,179.8E-6,0.000,75.83E9,107.1E9,124.6E9,140.2E9,155.9E9,171.9E9,187.9E9,203.9E9,219.8E9,235.5E9,250.9E9,266.1E9,968.8E-18,963.2E-18,962.7E-18,962.7E-18,962.7E-18,962.7E-18,962.7E-18,962.7E-18,962.7E-18,962.7E-18,962.7E-18,962.7E-18,962.7E-18,653.3E-18,743.1E-18,742.0E-18,741.0E-18,740.7E-18,740.6E-18,740.5E-18,740.5E-18,740.5E-18,740.5E-18,740.4E-18,740.4E-18,740.4E-18,63.45E-18,77.29E-18,78.60E-18,78.76E-18,78.80E-18,78.81E-18,78.82E-18,78.82E-18,78.83E-18,78.83E-18,78.83E-18,78.83E-18,78.83E-18,653.3E-18,390.8E-18,374.6E-18,371.0E-18,366.0E-18,358.8E-18,351.1E-18,344.3E-18,339.0E-18,334.8E-18,331.4E-18,328.7E-18,326.5E-18,-108.4E-18,-173.6E-18,-172.8E-18,-172.1E-18,-171.9E-18,-171.8E-18,-171.7E-18,-171.7E-18,-171.7E-18,-171.7E-18,-171.7E-18,-171.7E-18,-171.7E-18,968.8E-18,902.2E-18,855.7E-18,817.4E-18,784.7E-18,756.4E-18,731.5E-18,709.5E-18,689.8E-18,672.1E-18,656.1E-18,641.4E-18,628.1E-18
450.0E-3,0.000,164.4E-3,511.9E-3,731.0E-3,835.4E-3,903.0E-3,958.9E-3,1.011,1.062,1.113,1.165,1.217,1.269,121.1E-3,122.0E-3,124.2E-3,126.7E-3,129.4E-3,132.1E-3,135.0E-3,137.9E-3,140.9E-3,143.9E-3,147.0E-3,150.2E-3,153.4E-3,0.000,2.016,6.476,9.023,9.916,10.27,10.44,10.53,10.59,10.64,10.66,10.68,10.68,1.000,1.000,2.000,2.000,2.000,2.000,2.000,2.000,2.000,2.000,2.000,2.000,2.000,-2.609E-12,73.03E-6,101.9E-6,119.4E-6,135.6E-6,152.0E-6,169.3E-6,187.3E-6,206.3E-6,226.1E-6,246.9E-6,268.5E-6,290.9E-6,0.000,12.26,12.65,12.34,11.87,11.37,10.89,10.42,9.975,9.553,9.153,8.774,8.415,0.000,64.16E-6,90.29E-6,101.1E-6,108.2E-6,113.9E-6,118.9E-6,123.3E-6,127.3E-6,130.7E-6,133.6E-6,136.1E-6,138.2E-6,0.000,895.3E-6,1.289E-3,1.474E-3,1.609E-3,1.729E-3,1.843E-3,1.952E-3,2.058E-3,2.160E-3,2.259E-3,2.355E-3,2.448E-3,1.153E-3,444.1E-6,199.0E-6,163.3E-6,162.3E-6,168.4E-6,176.5E-6,185.3E-6,194.2E-6,203.1E-6,211.9E-6,220.6E-6,229.2E-6,0.000,104.1E9,153.9E9,176.9E9,193.8E9,209.3E9,224.4E9,239.1E9,253.2E9,266.8E9,279.9E9,292.5E9,304.6E9,976.3E-18,970.6E-18,969.5E-18,969.3E-18,969.3E-18,969.3E-18,969.3E-18,969.3E-18,969.3E-18,969.3E-18,969.3E-18,969.3E-18,969.3E-18,742.6E-18,882.5E-18,889.0E-18,887.2E-18,886.5E-18,886.1E-18,886.0E-18,885.9E-18,885.8E-18,885.8E-18,885.8E-18,885.7E-18,885.7E-18,48.44E-18,62.32E-18,65.37E-18,65.80E-18,65.91E-18,65.95E-18,65.97E-18,65.98E-18,65.99E-18,65.99E-18,65.99E-18,66.00E-18,66.00E-18,742.6E-18,424.6E-18,378.7E-18,373.2E-18,369.0E-18,362.7E-18,354.9E-18,347.5E-18,341.5E-18,336.7E-18,333.0E-18,330.0E-18,327.6E-18,-142.5E-18,-242.1E-18,-247.1E-18,-245.8E-18,-245.2E-18,-244.9E-18,-244.8E-18,-244.7E-18,-244.7E-18,-244.7E-18,-244.7E-18,-244.6E-18,-244.6E-18,976.3E-18,909.7E-18,861.8E-18,823.3E-18,790.6E-18,762.3E-18,737.4E-18,715.4E-18,695.7E-18,678.0E-18,661.9E-18,647.3E-18,633.9E-18
500.0E-3,0.000,155.2E-3,511.0E-3,837.5E-3,1.013,1.117,1.195,1.263,1.326,1.388,1.449,1.510,1.570,134.8E-3,135.9E-3,138.5E-3,141.5E-3,144.6E-3,147.8E-3,151.0E-3,154.3E-3,157.6E-3,161.1E-3,164.5E-3,168.1E-3,171.6E-3,0.000,1.453,5.006,8.099,9.472,10.05,10.33,10.48,10.57,10.62,10.66,10.68,10.69,1.000,1.000,2.000,2.000,2.000,2.000,2.000,2.000,2.000,2.000,2.000,2.000,2.000,-4.285E-12,124.9E-6,177.9E-6,206.3E-6,229.7E-6,252.2E-6,274.9E-6,298.2E-6,322.1E-6,346.7E-6,372.0E-6,398.0E-6,424.6E-6,0.000,9.360,9.797,9.670,9.353,8.997,8.641,8.296,7.967,7.653,7.356,7.074,6.807,0.000,83.71E-6,121.5E-6,136.0E-6,143.4E-6,148.4E-6,152.1E-6,155.0E-6,157.3E-6,159.0E-6,160.2E-6,161.0E-6,161.2E-6,0.000,1.169E-3,1.743E-3,1.995E-3,2.148E-3,2.269E-3,2.375E-3,2.474E-3,2.566E-3,2.653E-3,2.736E-3,2.815E-3,2.890E-3,1.835E-3,804.7E-6,348.2E-6,246.3E-6,226.8E-6,225.7E-6,230.0E-6,236.1E-6,242.9E-6,249.8E-6,256.7E-6,263.5E-6,270.4E-6,0.000,123.8E9,192.1E9,221.6E9,239.5E9,254.0E9,267.4E9,280.0E9,291.9E9,303.0E9,313.5E9,323.3E9,332.6E9,981.2E-18,976.3E-18,974.5E-18,974.2E-18,974.2E-18,974.1E-18,974.1E-18,974.1E-18,974.1E-18,974.1E-18,974.1E-18,974.1E-18,974.1E-18,803.2E-18,973.0E-18,1.003E-15,1.001E-15,999.9E-18,999.3E-18,999.0E-18,998.8E-18,998.7E-18,998.6E-18,998.6E-18,998.5E-18,998.5E-18,38.40E-18,50.00E-18,54.76E-18,55.60E-18,55.83E-18,55.91E-18,55.95E-18,55.97E-18,55.98E-18,55.98E-18,55.99E-18,55.99E-18,55.99E-18,803.2E-18,479.7E-18,386.7E-18,376.0E-18,371.6E-18,366.3E-18,359.0E-18,351.1E-18,344.4E-18,339.0E-18,334.8E-18,331.4E-18,328.7E-18,-165.2E-18,-284.1E-18,-306.0E-18,-304.9E-18,-304.0E-18,-303.6E-18,-303.4E-18,-303.2E-18,-303.1E-18,-303.1E-18,-303.1E-18,-303.0E-18,-303.0E-18,981.2E-18,916.2E-18,867.0E-18,828.2E-18,795.4E-18,767.0E-18,742.1E-18,720.1E-18,700.4E-18,682.7E-18,666.6E-18,652.0E-18,638.6E-18
550.0E-3,0.000,147.1E-3,490.8E-3,910.9E-3,1.184,1.345,1.456,1.546,1.625,1.699,1.771,1.841,1.909,151.1E-3,152.3E-3,155.2E-3,158.6E-3,162.0E-3,165.6E-3,169.1E-3,172.8E-3,176.4E-3,180.2E-3,183.9E-3,187.8E-3,191.6E-3,0.000,1.048,3.738,6.954,8.815,9.693,10.12,10.36,10.49,10.58,10.64,10.67,10.68,1.000,1.000,2.000,2.000,2.000,2.000,2.000,2.000,2.000,2.000,2.000,2.000,2.000,-6.944E-12,188.0E-6,274.1E-6,317.0E-6,348.6E-6,377.1E-6,404.9E-6,432.8E-6,460.9E-6,489.4E-6,518.4E-6,547.9E-6,577.9E-6,0.000,7.129,7.617,7.635,7.448,7.205,6.951,6.700,6.458,6.227,6.006,5.795,5.595,0.000,96.16E-6,145.1E-6,164.0E-6,172.0E-6,176.2E-6,178.5E-6,179.8E-6,180.4E-6,180.4E-6,179.9E-6,179.0E-6,177.6E-6,0.000,1.340E-3,2.088E-3,2.421E-3,2.596E-3,2.717E-3,2.814E-3,2.900E-3,2.977E-3,3.048E-3,3.114E-3,3.175E-3,3.233E-3,2.585E-3,1.278E-3,558.5E-6,348.1E-6,294.5E-6,280.3E-6,278.0E-6,280.0E-6,283.7E-6,288.1E-6,292.8E-6,297.6E-6,302.7E-6,0.000,132.7E9,216.9E9,254.3E9,273.9E9,287.7E9,299.4E9,310.1E9,320.0E9,329.0E9,337.2E9,344.8E9,351.8E9,984.5E-18,980.5E-18,978.3E-18,977.9E-18,977.8E-18,977.7E-18,977.7E-18,977.7E-18,977.7E-18,977.7E-18,977.7E-18,977.7E-18,977.7E-18,844.3E-18,1.022E-15,1.086E-15,1.087E-15,1.086E-15,1.086E-15,1.085E-15,1.085E-15,1.085E-15,1.085E-15,1.084E-15,1.084E-15,1.084E-15,31.54E-18,40.47E-18,46.27E-18,47.56E-18,47.92E-18,48.06E-18,48.12E-18,48.15E-18,48.17E-18,48.18E-18,48.19E-18,48.19E-18,48.19E-18,844.3E-18,544.7E-18,400.0E-18,379.8E-18,374.2E-18,369.5E-18,363.0E-18,355.1E-18,347.6E-18,341.6E-18,336.8E-18,333.0E-18,330.0E-18,-180.1E-18,-302.9E-18,-349.8E-18,-350.9E-18,-350.0E-18,-349.4E-18,-349.1E-18,-348.9E-18,-348.8E-18,-348.7E-18,-348.6E-18,-348.6E-18,-348.6E-18,984.5E-18,921.2E-18,871.2E-18,832.1E-18,799.1E-18,770.7E-18,745.8E-18,723.8E-18,704.1E-18,686.4E-18,670.3E-18,655.7E-18,642.3E-18
600.0E-3,0.000,139.5E-3,460.4E-3,939.2E-3,1.323,1.566,1.727,1.848,1.948,2.038,2.123,2.203,2.280,169.5E-3,170.8E-3,174.0E-3,177.7E-3,181.4E-3,185.2E-3,189.1E-3,193.0E-3,197.0E-3,201.0E-3,205.0E-3,209.1E-3,213.2E-3,0.000,760.5E-3,2.749,5.726,7.956,9.173,9.809,10.16,10.36,10.49,10.58,10.63,10.65,1.000,1.000,2.000,2.000,2.000,2.000,2.000,2.000,2.000,2.000,2.000,2.000,2.000,-11.12E-12,256.8E-6,384.1E-6,445.9E-6,486.9E-6,521.6E-6,554.2E-6,586.0E-6,617.6E-6,649.3E-6,681.3E-6,713.4E-6,745.9E-6,0.000,5.451,5.971,6.097,6.012,5.856,5.679,5.498,5.320,5.148,4.983,4.825,4.674,0.000,100.7E-6,158.7E-6,182.8E-6,192.1E-6,195.8E-6,197.1E-6,197.1E-6,196.3E-6,194.9E-6,192.9E-6,190.6E-6,188.0E-6,0.000,1.400E-3,2.293E-3,2.718E-3,2.928E-3,3.055E-3,3.147E-3,3.222E-3,3.286E-3,3.343E-3,3.395E-3,3.442E-3,3.486E-3,3.339E-3,1.840E-3,834.2E-6,474.7E-6,368.0E-6,333.0E-6,320.8E-6,317.2E-6,317.0E-6,318.6E-6,320.9E-6,323.9E-6,327.2E-6,0.000,132.1E9,227.7E9,274.0E9,296.7E9,310.6E9,321.2E9,330.5E9,338.9E9,346.3E9,352.9E9,358.9E9,364.3E9,986.8E-18,983.6E-18,981.3E-18,980.6E-18,980.5E-18,980.4E-18,980.4E-18,980.4E-18,980.3E-18,980.3E-18,980.3E-18,980.3E-18,980.3E-18,872.9E-18,1.044E-15,1.144E-15,1.152E-15,1.152E-15,1.151E-15,1.151E-15,1.150E-15,1.150E-15,1.150E-15,1.150E-15,1.150E-15,1.150E-15,26.68E-18,33.34E-18,39.42E-18,41.13E-18,41.64E-18,41.83E-18,41.92E-18,41.97E-18,41.99E-18,42.01E-18,42.02E-18,42.03E-18,42.03E-18,872.9E-18,608.1E-18,418.9E-18,385.1E-18,376.9E-18,372.3E-18,366.7E-18,359.2E-18,351.3E-18,344.5E-18,339.1E-18,334.8E-18,331.5E-18,-190.1E-18,-307.2E-18,-380.0E-18,-386.0E-18,-385.6E-18,-385.0E-18,-384.6E-18,-384.4E-18,-384.2E-18,-384.1E-18,-384.0E-18,-384.0E-18,-383.9E-18,986.8E-18,925.0E-18,874.7E-18,835.2E-18,802.2E-18,773.7E-18,748.8E-18,726.7E-18,707.0E-18,689.3E-18,673.3E-18,658.6E-18,645.2E-18
650.0E-3,0.000,133.0E-3,427.2E-3,925.8E-3,1.413,1.758,1.988,2.154,2.285,2.396,2.496,2.589,2.676,189.7E-3,191.1E-3,194.5E-3,198.5E-3,202.5E-3,206.6E-3,210.7E-3,214.8E-3,219.0E-3,223.3E-3,227.5E-3,231.8E-3,236.1E-3,0.000,560.1E-3,2.019,4.560,6.950,8.491,9.368,9.871,10.17,10.36,10.48,10.56,10.61,1.000,1.000,2.000,2.000,2.000,2.000,2.000,2.000,2.000,2.000,2.000,2.000,2.000,-17.65E-12,326.1E-6,500.8E-6,586.3E-6,638.9E-6,680.3E-6,717.5E-6,752.9E-6,787.5E-6,821.8E-6,856.0E-6,890.3E-6,924.7E-6,0.000,4.210,4.725,4.925,4.920,4.831,4.712,4.583,4.452,4.324,4.200,4.080,3.964,0.000,99.30E-6,163.1E-6,192.4E-6,203.8E-6,207.8E-6,208.6E-6,207.8E-6,206.0E-6,203.5E-6,200.6E-6,197.4E-6,193.8E-6,0.000,1.373E-3,2.366E-3,2.888E-3,3.143E-3,3.287E-3,3.380E-3,3.450E-3,3.506E-3,3.554E-3,3.595E-3,3.632E-3,3.665E-3,4.057E-3,2.451E-3,1.172E-3,633.3E-6,452.3E-6,387.1E-6,360.8E-6,349.5E-6,344.7E-6,343.0E-6,342.9E-6,343.9E-6,345.6E-6,0.000,125.3E9,227.0E9,282.2E9,309.1E9,324.3E9,334.7E9,343.1E9,350.4E9,356.9E9,362.5E9,367.3E9,371.6E9,988.5E-18,985.9E-18,983.5E-18,982.8E-18,982.6E-18,982.5E-18,982.4E-18,982.4E-18,982.4E-18,982.4E-18,982.4E-18,982.4E-18,982.4E-18,893.2E-18,1.051E-15,1.183E-15,1.201E-15,1.202E-15,1.201E-15,1.201E-15,1.200E-15,1.200E-15,1.200E-15,1.200E-15,1.200E-15,1.200E-15,23.09E-18,28.06E-18,33.88E-18,35.92E-18,36.57E-18,36.83E-18,36.94E-18,37.01E-18,37.04E-18,37.06E-18,37.08E-18,37.09E-18,37.09E-18,893.2E-18,664.0E-18,442.7E-18,392.2E-18,380.0E-18,374.8E-18,369.9E-18,363.2E-18,355.3E-18,347.8E-18,341.6E-18,336.9E-18,333.1E-18,-196.9E-18,-304.0E-18,-398.8E-18,-412.2E-18,-413.1E-18,-412.6E-18,-412.2E-18,-411.9E-18,-411.7E-18,-411.6E-18,-411.5E-18,-411.4E-18,-411.4E-18,988.5E-18,927.7E-18,877.6E-18,837.8E-18,804.6E-18,776.1E-18,751.2E-18,729.1E-18,709.4E-18,691.7E-18,675.6E-18,661.0E-18,647.6E-18
700.0E-3,0.000,127.8E-3,396.0E-3,883.8E-3,1.444,1.898,2.219,2.446,2.619,2.760,2.882,2.990,3.088,211.4E-3,212.9E-3,216.6E-3,220.7E-3,225.0E-3,229.3E-3,233.6E-3,237.9E-3,242.3E-3,246.7E-3,251.2E-3,255.6E-3,260.1E-3,0.000,421.0E-3,1.497,3.556,5.889,7.669,8.798,9.482,9.903,10.17,10.35,10.46,10.53,1.000,1.000,1.000,2.000,2.000,2.000,2.000,2.000,2.000,2.000,2.000,2.000,2.000,-27.80E-12,392.7E-6,618.4E-6,732.3E-6,799.1E-6,848.2E-6,890.3E-6,929.1E-6,966.5E-6,1.003E-3,1.039E-3,1.075E-3,1.111E-3,0.000,3.295,3.779,4.023,4.077,4.040,3.965,3.876,3.781,3.685,3.591,3.499,3.410,0.000,94.20E-6,160.5E-6,194.4E-6,208.5E-6,213.5E-6,214.4E-6,213.2E-6,210.9E-6,207.9E-6,204.4E-6,200.5E-6,196.4E-6,0.000,1.294E-3,2.337E-3,2.946E-3,3.258E-3,3.427E-3,3.530E-3,3.601E-3,3.654E-3,3.696E-3,3.732E-3,3.762E-3,3.788E-3,4.717E-3,3.074E-3,1.561E-3,828.5E-6,553.2E-6,446.8E-6,401.3E-6,379.8E-6,369.0E-6,363.4E-6,360.6E-6,359.5E-6,359.7E-6,0.000,115.3E9,218.2E9,281.0E9,313.2E9,330.7E9,341.6E9,349.8E9,356.6E9,362.6E9,367.6E9,371.9E9,375.5E9,989.7E-18,987.5E-18,985.3E-18,984.5E-18,984.2E-18,984.1E-18,984.0E-18,984.0E-18,984.0E-18,984.0E-18,984.0E-18,984.0E-18,984.0E-18,907.8E-18,1.051E-15,1.205E-15,1.236E-15,1.240E-15,1.240E-15,1.239E-15,1.239E-15,1.238E-15,1.238E-15,1.238E-15,1.238E-15,1.238E-15,20.36E-18,24.09E-18,29.37E-18,31.64E-18,32.43E-18,32.74E-18,32.89E-18,32.97E-18,33.01E-18,33.04E-18,33.05E-18,33.07E-18,33.07E-18,907.8E-18,710.9E-18,470.3E-18,401.3E-18,383.7E-18,377.2E-18,372.7E-18,367.0E-18,359.4E-18,351.4E-18,344.6E-18,339.1E-18,334.9E-18,-201.6E-18,-297.7E-18,-408.5E-18,-431.1E-18,-434.0E-18,-433.9E-18,-433.6E-18,-433.3E-18,-433.1E-18,-432.9E-18,-432.8E-18,-432.7E-18,-432.6E-18,989.7E-18,929.8E-18,879.9E-18,839.9E-18,806.6E-18,778.1E-18,753.1E-18,731.0E-18,711.3E-18,693.6E-18,677.5E-18,662.9E-18,649.5E-18
750.0E-3,0.000,123.6E-3,368.8E-3,828.3E-3,1.425,1.977,2.399,2.706,2.935,3.116,3.266,3.396,3.510,234.5E-3,236.0E-3,239.9E-3,244.2E-3,248.6E-3,253.1E-3,257.6E-3,262.1E-3,266.6E-3,271.2E-3,275.8E-3,280.4E-3,285.0E-3,0.000,323.2E-3,1.127,2.751,4.871,6.763,8.112,8.989,9.551,9.918,10.16,10.33,10.43,1.000,1.000,1.000,2.000,2.000,2.000,2.000,2.000,2.000,2.000,2.000,2.000,2.000,-43.53E-12,454.6E-6,732.7E-6,878.9E-6,962.8E-6,1.021E-3,1.069E-3,1.111E-3,1.151E-3,1.190E-3,1.228E-3,1.265E-3,1.302E-3,0.000,2.616,3.056,3.321,3.418,3.421,3.381,3.322,3.254,3.183,3.112,3.041,2.971,0.000,87.30E-6,153.5E-6,190.9E-6,208.0E-6,214.6E-6,216.1E-6,215.1E-6,212.6E-6,209.4E-6,205.6E-6,201.4E-6,197.0E-6,0.000,1.189E-3,2.239E-3,2.919E-3,3.291E-3,3.494E-3,3.614E-3,3.692E-3,3.747E-3,3.788E-3,3.820E-3,3.847E-3,3.870E-3,5.311E-3,3.679E-3,1.987E-3,1.061E-3,675.5E-6,516.6E-6,445.5E-6,410.7E-6,392.3E-6,381.9E-6,375.9E-6,372.6E-6,371.1E-6,0.000,104.2E9,204.7E9,273.2E9,310.8E9,331.4E9,343.8E9,352.3E9,359.0E9,364.8E9,369.6E9,373.6E9,377.0E9,990.6E-18,988.8E-18,986.7E-18,985.8E-18,985.5E-18,985.4E-18,985.3E-18,985.3E-18,985.3E-18,985.2E-18,985.2E-18,985.2E-18,985.2E-18,918.3E-18,1.046E-15,1.215E-15,1.260E-15,1.268E-15,1.269E-15,1.268E-15,1.268E-15,1.268E-15,1.268E-15,1.267E-15,1.267E-15,1.267E-15,18.21E-18,21.07E-18,25.69E-18,28.09E-18,29.00E-18,29.37E-18,29.54E-18,29.63E-18,29.69E-18,29.72E-18,29.74E-18,29.75E-18,29.76E-18,918.3E-18,749.3E-18,500.3E-18,412.3E-18,388.2E-18,379.8E-18,375.1E-18,370.3E-18,363.5E-18,355.4E-18,347.9E-18,341.7E-18,336.9E-18,-204.8E-18,-290.2E-18,-411.0E-18,-444.1E-18,-449.7E-18,-450.3E-18,-450.1E-18,-449.8E-18,-449.6E-18,-449.4E-18,-449.3E-18,-449.2E-18,-449.1E-18,990.6E-18,931.3E-18,881.8E-18,841.6E-18,808.3E-18,779.7E-18,754.7E-18,732.6E-18,712.9E-18,695.1E-18,679.0E-18,664.4E-18,651.0E-18
800.0E-3,0.000,120.2E-3,345.8E-3,770.2E-3,1.370,1.994,2.517,2.916,3.216,3.449,3.637,3.795,3.930,258.7E-3,260.3E-3,264.2E-3,268.7E-3,273.3E-3,277.9E-3,282.5E-3,287.1E-3,291.8E-3,296.5E-3,301.2E-3,305.9E-3,310.6E-3,0.000,253.0E-3,863.9E-3,2.132,3.966,5.839,7.340,8.400,9.114,9.595,9.922,10.14,10.29,1.000,1.000,1.000,2.000,2.000,2.000,2.000,2.000,2.000,2.000,2.000,2.000,2.000,-67.84E-12,510.9E-6,840.9E-6,1.022E-3,1.126E-3,1.196E-3,1.250E-3,1.297E-3,1.340E-3,1.381E-3,1.420E-3,1.459E-3,1.497E-3,0.000,2.105,2.498,2.768,2.894,2.929,2.916,2.881,2.834,2.782,2.728,2.673,2.619,0.000,79.81E-6,144.2E-6,183.9E-6,203.9E-6,212.5E-6,215.0E-6,214.5E-6,212.3E-6,209.1E-6,205.2E-6,201.0E-6,196.5E-6,0.000,1.075E-3,2.101E-3,2.830E-3,3.260E-3,3.503E-3,3.646E-3,3.736E-3,3.797E-3,3.840E-3,3.873E-3,3.899E-3,3.920E-3,5.839E-3,4.251E-3,2.432E-3,1.328E-3,822.0E-6,599.9E-6,496.7E-6,444.8E-6,416.6E-6,400.2E-6,390.4E-6,384.3E-6,380.9E-6,0.000,93.07E9,188.8E9,260.9E9,303.8E9,328.0E9,342.3E9,351.7E9,358.7E9,364.6E9,369.5E9,373.5E9,376.8E9,991.4E-18,989.7E-18,987.9E-18,986.9E-18,986.6E-18,986.4E-18,986.3E-18,986.3E-18,986.3E-18,986.3E-18,986.2E-18,986.2E-18,986.2E-18,926.0E-18,1.040E-15,1.216E-15,1.276E-15,1.288E-15,1.291E-15,1.291E-15,1.291E-15,1.290E-15,1.290E-15,1.290E-15,1.290E-15,1.290E-15,16.49E-18,18.71E-18,22.68E-18,25.12E-18,26.12E-18,26.54E-18,26.75E-18,26.85E-18,26.92E-18,26.95E-18,26.98E-18,26.99E-18,27.01E-18,926.0E-18,780.4E-18,531.6E-18,425.3E-18,393.6E-18,382.6E-18,377.3E-18,373.0E-18,367.3E-18,359.6E-18,351.6E-18,344.7E-18,339.2E-18,-207.0E-18,-282.7E-18,-408.3E-18,-452.0E-18,-461.1E-18,-462.8E-18,-462.8E-18,-462.6E-18,-462.4E-18,-462.2E-18,-462.1E-18,-462.0E-18,-461.9E-18,991.4E-18,932.4E-18,883.3E-18,843.1E-18,809.6E-18,781.0E-18,756.0E-18,733.9E-18,714.1E-18,696.4E-18,680.3E-18,665.7E-18,652.3E-18
850.0E-3,0.000,117.4E-3,326.7E-3,715.6E-3,1.296,1.959,2.570,3.065,3.449,3.746,3.983,4.178,4.340,283.7E-3,285.3E-3,289.4E-3,294.0E-3,298.7E-3,303.4E-3,308.1E-3,312.9E-3,317.6E-3,322.4E-3,327.2E-3,332.0E-3,336.8E-3,0.000,201.5E-3,674.3E-3,1.666,3.205,4.959,6.527,7.734,8.598,9.201,9.623,9.916,10.12,1.000,1.000,1.000,2.000,2.000,2.000,2.000,2.000,2.000,2.000,2.000,2.000,2.000,-105.3E-12,561.5E-6,941.6E-6,1.160E-3,1.287E-3,1.370E-3,1.432E-3,1.484E-3,1.530E-3,1.573E-3,1.614E-3,1.654E-3,1.693E-3,0.000,1.716,2.064,2.329,2.473,2.531,2.540,2.523,2.493,2.456,2.416,2.374,2.331,0.000,72.38E-6,133.9E-6,175.0E-6,197.6E-6,208.2E-6,212.1E-6,212.4E-6,210.6E-6,207.7E-6,204.0E-6,199.8E-6,195.4E-6,0.000,963.4E-6,1.944E-3,2.702E-3,3.183E-3,3.468E-3,3.638E-3,3.744E-3,3.814E-3,3.863E-3,3.899E-3,3.926E-3,3.947E-3,6.305E-3,4.781E-3,2.882E-3,1.622E-3,993.3E-6,699.3E-6,557.3E-6,484.1E-6,443.6E-6,419.9E-6,405.2E-6,395.9E-6,390.2E-6,0.000,82.64E9,172.4E9,246.1E9,293.4E9,321.4E9,338.2E9,349.0E9,356.6E9,362.6E9,367.8E9,372.0E9,375.4E9,992.0E-18,990.5E-18,988.8E-18,987.8E-18,987.4E-18,987.2E-18,987.2E-18,987.1E-18,987.1E-18,987.1E-18,987.1E-18,987.0E-18,987.0E-18,931.5E-18,1.033E-15,1.211E-15,1.285E-15,1.303E-15,1.307E-15,1.308E-15,1.308E-15,1.307E-15,1.307E-15,1.307E-15,1.307E-15,1.307E-15,15.07E-18,16.83E-18,20.21E-18,22.61E-18,23.68E-18,24.16E-18,24.39E-18,24.51E-18,24.58E-18,24.63E-18,24.65E-18,24.67E-18,24.69E-18,931.5E-18,805.5E-18,562.9E-18,440.1E-18,399.9E-18,385.8E-18,379.5E-18,375.3E-18,370.5E-18,363.7E-18,355.6E-18,348.0E-18,341.8E-18,-208.4E-18,-275.6E-18,-402.0E-18,-455.9E-18,-469.1E-18,-472.0E-18,-472.5E-18,-472.5E-18,-472.3E-18,-472.1E-18,-471.9E-18,-471.8E-18,-471.7E-18,992.0E-18,933.3E-18,884.5E-18,844.3E-18,810.8E-18,782.1E-18,757.0E-18,734.9E-18,715.2E-18,697.4E-18,681.3E-18,666.7E-18,653.3E-18
900.0E-3,0.000,115.2E-3,310.8E-3,666.9E-3,1.215,1.889,2.563,3.149,3.622,3.995,4.292,4.533,4.731,309.4E-3,311.1E-3,315.3E-3,320.0E-3,324.8E-3,329.6E-3,334.4E-3,339.2E-3,344.0E-3,348.9E-3,353.8E-3,358.6E-3,363.5E-3,0.000,163.0E-3,535.4E-3,1.318,2.588,4.164,5.718,7.021,8.015,8.741,9.263,9.637,9.899,1.000,1.000,1.000,1.000,2.000,2.000,2.000,2.000,2.000,2.000,2.000,2.000,2.000,-163.1E-12,606.7E-6,1.034E-3,1.291E-3,1.444E-3,1.542E-3,1.613E-3,1.670E-3,1.720E-3,1.766E-3,1.809E-3,1.850E-3,1.891E-3,0.000,1.415,1.723,1.976,2.129,2.205,2.231,2.229,2.213,2.188,2.158,2.126,2.092,0.000,65.35E-6,123.6E-6,165.2E-6,189.9E-6,202.7E-6,208.1E-6,209.4E-6,208.3E-6,205.7E-6,202.3E-6,198.4E-6,194.0E-6,0.000,858.3E-6,1.782E-3,2.551E-3,3.074E-3,3.399E-3,3.598E-3,3.724E-3,3.807E-3,3.863E-3,3.904E-3,3.933E-3,3.956E-3,6.715E-3,5.267E-3,3.328E-3,1.936E-3,1.188E-3,816.2E-6,629.2E-6,530.4E-6,474.9E-6,442.0E-6,421.4E-6,408.2E-6,399.6E-6,0.000,73.16E9,156.4E9,230.0E9,280.9E9,312.6E9,332.1E9,344.5E9,353.0E9,359.5E9,364.9E9,369.5E9,373.2E9,992.4E-18,991.1E-18,989.6E-18,988.6E-18,988.1E-18,987.9E-18,987.8E-18,987.8E-18,987.7E-18,987.7E-18,987.7E-18,987.7E-18,987.7E-18,935.4E-18,1.026E-15,1.202E-15,1.289E-15,1.313E-15,1.319E-15,1.320E-15,1.321E-15,1.320E-15,1.320E-15,1.320E-15,1.320E-15,1.320E-15,13.89E-18,15.30E-18,18.16E-18,20.48E-18,21.60E-18,22.12E-18,22.38E-18,22.52E-18,22.60E-18,22.65E-18,22.68E-18,22.70E-18,22.72E-18,935.4E-18,825.8E-18,593.3E-18,456.4E-18,407.3E-18,389.5E-18,381.8E-18,377.3E-18,373.2E-18,367.4E-18,359.8E-18,351.7E-18,344.8E-18,-209.2E-18,-269.0E-18,-393.2E-18,-456.3E-18,-474.2E-18,-478.7E-18,-479.8E-18,-479.9E-18,-479.8E-18,-479.6E-18,-479.4E-18,-479.3E-18,-479.2E-18,992.4E-18,934.0E-18,885.5E-18,845.3E-18,811.7E-18,783.0E-18,757.9E-18,735.8E-18,716.0E-18,698.3E-18,682.2E-18,667.5E-18,654.1E-18
950.0E-3,0.000,113.3E-3,297.6E-3,624.7E-3,1.136,1.798,2.510,3.171,3.732,4.188,4.555,4.852,5.094,335.8E-3,337.5E-3,341.7E-3,346.5E-3,351.4E-3,356.2E-3,361.1E-3,366.0E-3,370.9E-3,375.8E-3,380.8E-3,385.7E-3,390.6E-3,0.000,133.6E-3,431.8E-3,1.055,2.097,3.476,4.952,6.292,7.384,8.222,8.846,9.305,9.637,1.000,1.000,1.000,1.000,2.000,2.000,2.000,2.000,2.000,2.000,2.000,2.000,2.000,-251.8E-12,646.9E-6,1.119E-3,1.415E-3,1.594E-3,1.709E-3,1.791E-3,1.855E-3,1.910E-3,1.958E-3,2.004E-3,2.047E-3,2.088E-3,0.000,1.178,1.451,1.689,1.846,1.934,1.973,1.984,1.978,1.963,1.942,1.918,1.892,0.000,58.87E-6,113.6E-6,155.2E-6,181.7E-6,196.4E-6,203.4E-6,205.8E-6,205.5E-6,203.5E-6,200.5E-6,196.8E-6,192.7E-6,0.000,762.4E-6,1.623E-3,2.389E-3,2.943E-3,3.304E-3,3.534E-3,3.681E-3,3.778E-3,3.844E-3,3.891E-3,3.925E-3,3.950E-3,7.075E-3,5.708E-3,3.760E-3,2.264E-3,1.403E-3,950.5E-6,713.6E-6,585.0E-6,511.6E-6,467.6E-6,439.9E-6,421.8E-6,409.9E-6,0.000,64.70E9,141.3E9,213.6E9,267.0E9,302.0E9,324.3E9,338.6E9,348.3E9,355.4E9,361.2E9,366.1E9,370.1E9,992.8E-18,991.6E-18,990.2E-18,989.2E-18,988.7E-18,988.5E-18,988.4E-18,988.3E-18,988.3E-18,988.3E-18,988.2E-18,988.2E-18,988.2E-18,937.9E-18,1.019E-15,1.189E-15,1.287E-15,1.318E-15,1.327E-15,1.329E-15,1.330E-15,1.330E-15,1.330E-15,1.330E-15,1.329E-15,1.329E-15,12.89E-18,14.03E-18,16.45E-18,18.65E-18,19.82E-18,20.38E-18,20.66E-18,20.81E-18,20.90E-18,20.96E-18,20.99E-18,21.02E-18,21.04E-18,937.9E-18,842.1E-18,622.4E-18,474.1E-18,415.7E-18,393.6E-18,384.2E-18,379.2E-18,375.4E-18,370.6E-18,363.9E-18,355.8E-18,348.1E-18,-209.6E-18,-263.0E-18,-382.9E-18,-454.0E-18,-476.9E-18,-483.3E-18,-485.0E-18,-485.4E-18,-485.4E-18,-485.2E-18,-485.1E-18,-485.0E-18,-484.8E-18,992.8E-18,934.6E-18,886.4E-18,846.2E-18,812.5E-18,783.7E-18,758.6E-18,736.5E-18,716.7E-18,699.0E-18,682.9E-18,668.2E-18,654.8E-18
1.000,0.000,111.8E-3,286.5E-3,588.6E-3,1.062,1.699,2.424,3.141,3.782,4.322,4.765,5.126,5.422,362.6E-3,364.4E-3,368.7E-3,373.5E-3,378.4E-3,383.3E-3,388.3E-3,393.2E-3,398.2E-3,403.2E-3,408.2E-3,413.1E-3,418.1E-3,0.000,110.7E-3,353.1E-3,855.9E-3,1.712,2.898,4.255,5.579,6.730,7.659,8.379,8.924,9.330,1.000,1.000,1.000,1.000,2.000,2.000,2.000,2.000,2.000,2.000,2.000,2.000,2.000,-388.0E-12,682.6E-6,1.196E-3,1.529E-3,1.737E-3,1.871E-3,1.965E-3,2.037E-3,2.097E-3,2.149E-3,2.197E-3,2.242E-3,2.285E-3,0.000,990.8E-3,1.232,1.454,1.611,1.706,1.755,1.776,1.780,1.772,1.758,1.741,1.721,0.000,52.95E-6,104.3E-6,145.5E-6,173.2E-6,189.7E-6,198.3E-6,202.0E-6,202.5E-6,201.2E-6,198.6E-6,195.3E-6,191.5E-6,0.000,676.3E-6,1.474E-3,2.224E-3,2.798E-3,3.191E-3,3.450E-3,3.619E-3,3.732E-3,3.809E-3,3.864E-3,3.903E-3,3.932E-3,7.391E-3,6.107E-3,4.174E-3,2.599E-3,1.635E-3,1.101E-3,810.8E-6,648.7E-6,554.5E-6,497.4E-6,461.1E-6,437.3E-6,421.4E-6,0.000,57.22E9,127.5E9,197.5E9,252.5E9,290.3E9,315.2E9,331.5E9,342.6E9,350.5E9,356.7E9,362.0E9,366.4E9,993.2E-18,992.0E-18,990.7E-18,989.7E-18,989.2E-18,988.9E-18,988.8E-18,988.8E-18,988.7E-18,988.7E-18,988.7E-18,988.7E-18,988.7E-18,939.5E-18,1.013E-15,1.175E-15,1.282E-15,1.321E-15,1.332E-15,1.336E-15,1.337E-15,1.337E-15,1.337E-15,1.337E-15,1.336E-15,1.336E-15,12.03E-18,12.97E-18,15.02E-18,17.08E-18,18.27E-18,18.86E-18,19.17E-18,19.34E-18,19.44E-18,19.50E-18,19.54E-18,19.57E-18,19.59E-18,939.5E-18,855.3E-18,649.6E-18,492.9E-18,425.1E-18,398.4E-18,386.9E-18,381.2E-18,377.3E-18,373.3E-18,367.6E-18,359.9E-18,351.9E-18,-209.7E-18,-257.6E-18,-371.8E-18,-449.4E-18,-477.4E-18,-486.1E-18,-488.6E-18,-489.3E-18,-489.4E-18,-489.4E-18,-489.2E-18,-489.1E-18,-489.0E-18,993.2E-18,935.0E-18,887.0E-18,846.9E-18,813.2E-18,784.4E-18,759.2E-18,737.1E-18,717.3E-18,699.5E-18,683.4E-18,668.8E-18,655.4E-18
1.050,0.000,110.4E-3,277.2E-3,557.6E-3,996.5E-3,1.600,2.319,3.070,3.776,4.395,4.918,5.351,5.708,389.9E-3,391.6E-3,396.0E-3,400.9E-3,405.8E-3,410.8E-3,415.8E-3,420.8E-3,425.8E-3,430.8E-3,435.9E-3,440.9E-3,445.9E-3,0.000,92.74E-3,292.3E-3,702.6E-3,1.409,2.419,3.639,4.906,6.075,7.069,7.871,8.499,8.979,1.000,1.000,1.000,1.000,1.000,2.000,2.000,2.000,2.000,2.000,2.000,2.000,2.000,-597.1E-12,714.2E-6,1.266E-3,1.636E-3,1.873E-3,2.027E-3,2.135E-3,2.216E-3,2.282E-3,2.338E-3,2.389E-3,2.436E-3,2.480E-3,0.000,839.7E-3,1.054,1.260,1.413,1.512,1.569,1.598,1.609,1.608,1.600,1.588,1.573,0.000,47.59E-6,95.64E-6,136.1E-6,164.9E-6,182.9E-6,193.1E-6,198.0E-6,199.5E-6,198.9E-6,196.9E-6,194.0E-6,190.4E-6,0.000,599.7E-6,1.334E-3,2.062E-3,2.647E-3,3.065E-3,3.350E-3,3.542E-3,3.671E-3,3.761E-3,3.824E-3,3.869E-3,3.902E-3,7.668E-3,6.467E-3,4.565E-3,2.934E-3,1.879E-3,1.267E-3,920.6E-6,721.9E-6,604.3E-6,532.0E-6,485.8E-6,455.2E-6,434.5E-6,0.000,50.65E9,114.9E9,182.0E9,237.7E9,277.8E9,305.1E9,323.5E9,336.0E9,344.9E9,351.7E9,357.2E9,362.0E9,993.5E-18,992.3E-18,991.1E-18,990.1E-18,989.6E-18,989.3E-18,989.2E-18,989.1E-18,989.1E-18,989.1E-18,989.0E-18,989.0E-18,989.0E-18,940.3E-18,1.007E-15,1.160E-15,1.275E-15,1.320E-15,1.335E-15,1.340E-15,1.341E-15,1.342E-15,1.342E-15,1.341E-15,1.341E-15,1.341E-15,11.29E-18,12.07E-18,13.81E-18,15.72E-18,16.92E-18,17.55E-18,17.88E-18,18.07E-18,18.17E-18,18.24E-18,18.29E-18,18.32E-18,18.34E-18,940.3E-18,865.9E-18,674.7E-18,512.3E-18,435.6E-18,403.9E-18,390.0E-18,383.2E-18,379.0E-18,375.4E-18,370.8E-18,364.0E-18,355.9E-18,-209.5E-18,-252.7E-18,-360.5E-18,-443.0E-18,-476.2E-18,-487.3E-18,-490.9E-18,-492.0E-18,-492.3E-18,-492.3E-18,-492.2E-18,-492.0E-18,-491.9E-18,993.5E-18,935.4E-18,887.6E-18,847.5E-18,813.8E-18,784.9E-18,759.7E-18,737.6E-18,717.8E-18,700.0E-18,683.9E-18,669.3E-18,655.9E-18
1.100,0.000,109.3E-3,269.3E-3,531.1E-3,938.3E-3,1.506,2.206,2.971,3.725,4.415,5.014,5.523,5.947,417.5E-3,419.2E-3,423.6E-3,428.6E-3,433.6E-3,438.6E-3,443.7E-3,448.7E-3,453.8E-3,458.8E-3,463.9E-3,468.9E-3,474.0E-3,0.000,78.34E-3,244.6E-3,583.2E-3,1.169,2.028,3.108,4.289,5.441,6.469,7.335,8.036,8.589,1.000,1.000,1.000,1.000,1.000,2.000,2.000,2.000,2.000,2.000,2.000,2.000,2.000,-918.0E-12,742.2E-6,1.329E-3,1.735E-3,2.001E-3,2.177E-3,2.299E-3,2.391E-3,2.463E-3,2.525E-3,2.579E-3,2.628E-3,2.674E-3,0.000,716.8E-3,908.2E-3,1.098,1.246,1.347,1.409,1.444,1.461,1.465,1.463,1.455,1.444,0.000,42.75E-6,87.65E-6,127.2E-6,156.8E-6,176.2E-6,187.8E-6,193.9E-6,196.5E-6,196.6E-6,195.2E-6,192.7E-6,189.6E-6,0.000,532.0E-6,1.207E-3,1.905E-3,2.493E-3,2.931E-3,3.239E-3,3.452E-3,3.598E-3,3.700E-3,3.772E-3,3.824E-3,3.862E-3,7.912E-3,6.791E-3,4.934E-3,3.266E-3,2.132E-3,1.445E-3,1.042E-3,804.7E-6,661.3E-6,571.9E-6,514.3E-6,475.9E-6,449.7E-6,0.000,44.89E9,103.5E9,167.4E9,223.0E9,264.8E9,294.3E9,314.6E9,328.7E9,338.6E9,346.0E9,352.0E9,357.1E9,993.7E-18,992.6E-18,991.4E-18,990.5E-18,989.9E-18,989.7E-18,989.5E-18,989.4E-18,989.4E-18,989.3E-18,989.3E-18,989.3E-18,989.3E-18,940.5E-18,1.001E-15,1.145E-15,1.264E-15,1.317E-15,1.335E-15,1.342E-15,1.344E-15,1.344E-15,1.345E-15,1.345E-15,1.344E-15,1.344E-15,10.64E-18,11.30E-18,12.78E-18,14.54E-18,15.74E-18,16.40E-18,16.75E-18,16.95E-18,17.07E-18,17.15E-18,17.20E-18,17.23E-18,17.26E-18,940.5E-18,874.4E-18,697.7E-18,532.3E-18,447.0E-18,409.9E-18,393.4E-18,385.3E-18,380.7E-18,377.2E-18,373.4E-18,367.7E-18,360.1E-18,-209.1E-18,-248.1E-18,-349.3E-18,-435.1E-18,-473.5E-18,-487.2E-18,-492.0E-18,-493.6E-18,-494.1E-18,-494.2E-18,-494.1E-18,-494.0E-18,-493.9E-18,993.7E-18,935.7E-18,888.1E-18,848.0E-18,814.3E-18,785.3E-18,760.2E-18,738.0E-18,718.2E-18,700.4E-18,684.3E-18,669.6E-18,656.2E-18
1.150,0.000,108.3E-3,262.5E-3,508.3E-3,887.3E-3,1.420,2.092,2.855,3.640,4.386,5.058,5.641,6.136,445.4E-3,447.2E-3,451.6E-3,456.6E-3,461.6E-3,466.7E-3,471.8E-3,476.8E-3,481.9E-3,487.0E-3,492.1E-3,497.2E-3,502.3E-3,0.000,66.68E-3,206.6E-3,489.0E-3,979.4E-3,1.709,2.656,3.737,4.843,5.878,6.786,7.547,8.165,1.000,1.000,1.000,1.000,1.000,2.000,2.000,2.000,2.000,2.000,2.000,2.000,2.000,-1.410E-9,767.1E-6,1.386E-3,1.826E-3,2.121E-3,2.319E-3,2.458E-3,2.561E-3,2.641E-3,2.708E-3,2.766E-3,2.818E-3,2.866E-3,0.000,615.7E-3,787.1E-3,962.0E-3,1.104,1.204,1.269,1.309,1.331,1.340,1.342,1.338,1.331,0.000,38.36E-6,80.27E-6,118.9E-6,149.0E-6,169.6E-6,182.6E-6,189.9E-6,193.5E-6,194.4E-6,193.6E-6,191.6E-6,188.9E-6,0.000,472.3E-6,1.091E-3,1.756E-3,2.341E-3,2.792E-3,3.120E-3,3.351E-3,3.514E-3,3.629E-3,3.711E-3,3.770E-3,3.814E-3,8.127E-3,7.082E-3,5.278E-3,3.592E-3,2.390E-3,1.634E-3,1.175E-3,896.7E-6,725.5E-6,617.3E-6,546.8E-6,499.6E-6,467.1E-6,0.000,39.84E9,93.30E9,153.8E9,208.7E9,251.7E9,282.9E9,305.0E9,320.6E9,331.7E9,339.8E9,346.2E9,351.6E9,993.9E-18,992.9E-18,991.7E-18,990.8E-18,990.2E-18,989.9E-18,989.8E-18,989.7E-18,989.6E-18,989.6E-18,989.6E-18,989.5E-18,989.5E-18,940.2E-18,995.0E-18,1.130E-15,1.252E-15,1.311E-15,1.334E-15,1.342E-15,1.345E-15,1.346E-15,1.346E-15,1.346E-15,1.346E-15,1.346E-15,10.06E-18,10.62E-18,11.89E-18,13.51E-18,14.70E-18,15.38E-18,15.76E-18,15.98E-18,16.11E-18,16.19E-18,16.25E-18,16.29E-18,16.31E-18,940.2E-18,881.3E-18,718.5E-18,552.4E-18,459.3E-18,416.7E-18,397.3E-18,387.7E-18,382.4E-18,378.8E-18,375.5E-18,370.9E-18,364.1E-18,-208.6E-18,-244.0E-18,-338.4E-18,-426.2E-18,-469.4E-18,-486.0E-18,-492.1E-18,-494.3E-18,-495.0E-18,-495.2E-18,-495.2E-18,-495.1E-18,-495.0E-18,993.9E-18,936.0E-18,888.5E-18,848.5E-18,814.7E-18,785.7E-18,760.5E-18,738.3E-18,718.5E-18,700.7E-18,684.6E-18,669.9E-18,656.5E-18
1.200,0.000,107.5E-3,256.7E-3,488.7E-3,842.7E-3,1.342,1.983,2.732,3.531,4.320,5.053,5.707,6.275,473.5E-3,475.3E-3,479.8E-3,484.8E-3,489.9E-3,495.0E-3,500.1E-3,505.2E-3,510.3E-3,515.4E-3,520.6E-3,525.7E-3,530.8E-3,0.000,57.13E-3,176.0E-3,413.7E-3,827.1E-3,1.449,2.275,3.252,4.293,5.310,6.237,7.042,7.716,1.000,1.000,1.000,1.000,1.000,2.000,2.000,2.000,2.000,2.000,2.000,2.000,2.000,-2.165E-9,789.1E-6,1.437E-3,1.910E-3,2.234E-3,2.455E-3,2.611E-3,2.725E-3,2.814E-3,2.887E-3,2.949E-3,3.004E-3,3.055E-3,0.000,531.6E-3,685.6E-3,846.5E-3,981.5E-3,1.080,1.147,1.190,1.216,1.229,1.234,1.234,1.230,0.000,34.37E-6,73.47E-6,111.0E-6,141.5E-6,163.2E-6,177.4E-6,186.0E-6,190.5E-6,192.3E-6,192.1E-6,190.7E-6,188.4E-6,0.000,419.5E-6,985.3E-6,1.616E-3,2.193E-3,2.652E-3,2.995E-3,3.243E-3,3.421E-3,3.549E-3,3.640E-3,3.707E-3,3.757E-3,8.317E-3,7.344E-3,5.599E-3,3.908E-3,2.651E-3,1.830E-3,1.316E-3,997.4E-6,796.9E-6,668.3E-6,583.7E-6,526.5E-6,486.9E-6,0.000,35.40E9,84.14E9,141.1E9,194.9E9,238.6E9,271.3E9,295.0E9,311.9E9,324.2E9,333.1E9,340.0E9,345.6E9,994.1E-18,993.1E-18,992.0E-18,991.1E-18,990.5E-18,990.1E-18,990.0E-18,989.9E-18,989.8E-18,989.8E-18,989.7E-18,989.7E-18,989.7E-18,939.5E-18,989.6E-18,1.115E-15,1.239E-15,1.304E-15,1.331E-15,1.341E-15,1.345E-15,1.346E-15,1.347E-15,1.347E-15,1.347E-15,1.347E-15,9.549E-18,10.03E-18,11.13E-18,12.61E-18,13.78E-18,14.48E-18,14.89E-18,15.13E-18,15.27E-18,15.36E-18,15.42E-18,15.46E-18,15.49E-18,939.5E-18,886.7E-18,737.2E-18,572.3E-18,472.3E-18,424.2E-18,401.6E-18,390.3E-18,384.2E-18,380.3E-18,377.2E-18,373.4E-18,367.8E-18,-207.9E-18,-240.2E-18,-327.9E-18,-416.5E-18,-464.1E-18,-483.7E-18,-491.3E-18,-494.2E-18,-495.2E-18,-495.6E-18,-495.6E-18,-495.6E-18,-495.5E-18,994.1E-18,936.3E-18,888.8E-18,848.9E-18,815.0E-18,786.0E-18,760.8E-18,738.6E-18,718.7E-18,700.9E-18,684.8E-18,670.2E-18,656.8E-18