vgs ,M0:vearly vds 0  (V),M0:vearly vds 0.1  (V),M0:vearly vds 0.2  (V),M0:vearly vds 0.3  (V),M0:vearly vds 0.4  (V),M0:vearly vds 0.5  (V),M0:vearly vds 0.6  (V),M0:vearly vds 0.7  (V),M0:vearly vds 0.8  (V),M0:vearly vds 0.9  (V),M0:vearly vds 1  (V),M0:vearly vds 1.1  (V),M0:vearly vds 1.2  (V),M0:vdsat__vsg vsd 0 ,M0:vdsat__vsg vsd 0.1 ,M0:vdsat__vsg vsd 0.2 ,M0:vdsat__vsg vsd 0.3 ,M0:vdsat__vsg vsd 0.4 ,M0:vdsat__vsg vsd 0.5 ,M0:vdsat__vsg vsd 0.6 ,M0:vdsat__vsg vsd 0.7 ,M0:vdsat__vsg vsd 0.8 ,M0:vdsat__vsg vsd 0.9 ,M0:vdsat__vsg vsd 1 ,M0:vdsat__vsg vsd 1.1 ,M0:vdsat__vsg vsd 1.2 ,M0:self_gain__vsg vsd 0 ,M0:self_gain__vsg vsd 0.1 ,M0:self_gain__vsg vsd 0.2 ,M0:self_gain__vsg vsd 0.3 ,M0:self_gain__vsg vsd 0.4 ,M0:self_gain__vsg vsd 0.5 ,M0:self_gain__vsg vsd 0.6 ,M0:self_gain__vsg vsd 0.7 ,M0:self_gain__vsg vsd 0.8 ,M0:self_gain__vsg vsd 0.9 ,M0:self_gain__vsg vsd 1 ,M0:self_gain__vsg vsd 1.1 ,M0:self_gain__vsg vsd 1.2 ,M0:region__vsg vsd 0 ,M0:region__vsg vsd 0.1 ,M0:region__vsg vsd 0.2 ,M0:region__vsg vsd 0.3 ,M0:region__vsg vsd 0.4 ,M0:region__vsg vsd 0.5 ,M0:region__vsg vsd 0.6 ,M0:region__vsg vsd 0.7 ,M0:region__vsg vsd 0.8 ,M0:region__vsg vsd 0.9 ,M0:region__vsg vsd 1 ,M0:region__vsg vsd 1.1 ,M0:region__vsg vsd 1.2 ,M0:id__vsg vsd 0 ,M0:id__vsg vsd 0.1 ,M0:id__vsg vsd 0.2 ,M0:id__vsg vsd 0.3 ,M0:id__vsg vsd 0.4 ,M0:id__vsg vsd 0.5 ,M0:id__vsg vsd 0.6 ,M0:id__vsg vsd 0.7 ,M0:id__vsg vsd 0.8 ,M0:id__vsg vsd 0.9 ,M0:id__vsg vsd 1 ,M0:id__vsg vsd 1.1 ,M0:id__vsg vsd 1.2 ,M0:gmoverid__vsg vsd 0 ,M0:gmoverid__vsg vsd 0.1 ,M0:gmoverid__vsg vsd 0.2 ,M0:gmoverid__vsg vsd 0.3 ,M0:gmoverid__vsg vsd 0.4 ,M0:gmoverid__vsg vsd 0.5 ,M0:gmoverid__vsg vsd 0.6 ,M0:gmoverid__vsg vsd 0.7 ,M0:gmoverid__vsg vsd 0.8 ,M0:gmoverid__vsg vsd 0.9 ,M0:gmoverid__vsg vsd 1 ,M0:gmoverid__vsg vsd 1.1 ,M0:gmoverid__vsg vsd 1.2 ,M0:gmbs__vsg vsd 0 ,M0:gmbs__vsg vsd 0.1 ,M0:gmbs__vsg vsd 0.2 ,M0:gmbs__vsg vsd 0.3 ,M0:gmbs__vsg vsd 0.4 ,M0:gmbs__vsg vsd 0.5 ,M0:gmbs__vsg vsd 0.6 ,M0:gmbs__vsg vsd 0.7 ,M0:gmbs__vsg vsd 0.8 ,M0:gmbs__vsg vsd 0.9 ,M0:gmbs__vsg vsd 1 ,M0:gmbs__vsg vsd 1.1 ,M0:gmbs__vsg vsd 1.2 ,M0:gm__vsg vsd 0 ,M0:gm__vsg vsd 0.1 ,M0:gm__vsg vsd 0.2 ,M0:gm__vsg vsd 0.3 ,M0:gm__vsg vsd 0.4 ,M0:gm__vsg vsd 0.5 ,M0:gm__vsg vsd 0.6 ,M0:gm__vsg vsd 0.7 ,M0:gm__vsg vsd 0.8 ,M0:gm__vsg vsd 0.9 ,M0:gm__vsg vsd 1 ,M0:gm__vsg vsd 1.1 ,M0:gm__vsg vsd 1.2 ,M0:gds__vsg vsd 0 ,M0:gds__vsg vsd 0.1 ,M0:gds__vsg vsd 0.2 ,M0:gds__vsg vsd 0.3 ,M0:gds__vsg vsd 0.4 ,M0:gds__vsg vsd 0.5 ,M0:gds__vsg vsd 0.6 ,M0:gds__vsg vsd 0.7 ,M0:gds__vsg vsd 0.8 ,M0:gds__vsg vsd 0.9 ,M0:gds__vsg vsd 1 ,M0:gds__vsg vsd 1.1 ,M0:gds__vsg vsd 1.2 ,M0:ft__vsg vsd 0 ,M0:ft__vsg vsd 0.1 ,M0:ft__vsg vsd 0.2 ,M0:ft__vsg vsd 0.3 ,M0:ft__vsg vsd 0.4 ,M0:ft__vsg vsd 0.5 ,M0:ft__vsg vsd 0.6 ,M0:ft__vsg vsd 0.7 ,M0:ft__vsg vsd 0.8 ,M0:ft__vsg vsd 0.9 ,M0:ft__vsg vsd 1 ,M0:ft__vsg vsd 1.1 ,M0:ft__vsg vsd 1.2 ,M0:cdb__vsg vsd 0 ,M0:cdb__vsg vsd 0.1 ,M0:cdb__vsg vsd 0.2 ,M0:cdb__vsg vsd 0.3 ,M0:cdb__vsg vsd 0.4 ,M0:cdb__vsg vsd 0.5 ,M0:cdb__vsg vsd 0.6 ,M0:cdb__vsg vsd 0.7 ,M0:cdb__vsg vsd 0.8 ,M0:cdb__vsg vsd 0.9 ,M0:cdb__vsg vsd 1 ,M0:cdb__vsg vsd 1.1 ,M0:cdb__vsg vsd 1.2 ,M0:csb__vsg vsd 0 ,M0:csb__vsg vsd 0.1 ,M0:csb__vsg vsd 0.2 ,M0:csb__vsg vsd 0.3 ,M0:csb__vsg vsd 0.4 ,M0:csb__vsg vsd 0.5 ,M0:csb__vsg vsd 0.6 ,M0:csb__vsg vsd 0.7 ,M0:csb__vsg vsd 0.8 ,M0:csb__vsg vsd 0.9 ,M0:csb__vsg vsd 1 ,M0:csb__vsg vsd 1.1 ,M0:csb__vsg vsd 1.2 ,M0:cgs__vsg vsd 0 ,M0:cgs__vsg vsd 0.1 ,M0:cgs__vsg vsd 0.2 ,M0:cgs__vsg vsd 0.3 ,M0:cgs__vsg vsd 0.4 ,M0:cgs__vsg vsd 0.5 ,M0:cgs__vsg vsd 0.6 ,M0:cgs__vsg vsd 0.7 ,M0:cgs__vsg vsd 0.8 ,M0:cgs__vsg vsd 0.9 ,M0:cgs__vsg vsd 1 ,M0:cgs__vsg vsd 1.1 ,M0:cgs__vsg vsd 1.2 ,M0:cgd__vsg vsd 0 ,M0:cgd__vsg vsd 0.1 ,M0:cgd__vsg vsd 0.2 ,M0:cgd__vsg vsd 0.3 ,M0:cgd__vsg vsd 0.4 ,M0:cgd__vsg vsd 0.5 ,M0:cgd__vsg vsd 0.6 ,M0:cgd__vsg vsd 0.7 ,M0:cgd__vsg vsd 0.8 ,M0:cgd__vsg vsd 0.9 ,M0:cgd__vsg vsd 1 ,M0:cgd__vsg vsd 1.1 ,M0:cgd__vsg vsd 1.2 ,M0:cgb__vsg vsd 0 ,M0:cgb__vsg vsd 0.1 ,M0:cgb__vsg vsd 0.2 ,M0:cgb__vsg vsd 0.3 ,M0:cgb__vsg vsd 0.4 ,M0:cgb__vsg vsd 0.5 ,M0:cgb__vsg vsd 0.6 ,M0:cgb__vsg vsd 0.7 ,M0:cgb__vsg vsd 0.8 ,M0:cgb__vsg vsd 0.9 ,M0:cgb__vsg vsd 1 ,M0:cgb__vsg vsd 1.1 ,M0:cgb__vsg vsd 1.2 ,M0:cds__vsg vsd 0 ,M0:cds__vsg vsd 0.1 ,M0:cds__vsg vsd 0.2 ,M0:cds__vsg vsd 0.3 ,M0:cds__vsg vsd 0.4 ,M0:cds__vsg vsd 0.5 ,M0:cds__vsg vsd 0.6 ,M0:cds__vsg vsd 0.7 ,M0:cds__vsg vsd 0.8 ,M0:cds__vsg vsd 0.9 ,M0:cds__vsg vsd 1 ,M0:cds__vsg vsd 1.1 ,M0:cds__vsg vsd 1.2 
0.000,0.000,200.6E-3,334.6E-3,351.8E-3,358.1E-3,361.9E-3,364.9E-3,367.5E-3,369.9E-3,372.2E-3,374.5E-3,376.6E-3,378.7E-3,-79.02E-3,-79.25E-3,-79.66E-3,-80.10E-3,-80.54E-3,-80.98E-3,-81.42E-3,-81.86E-3,-82.30E-3,-82.74E-3,-83.18E-3,-83.62E-3,-84.05E-3,0.000,4.755,6.192,6.347,6.479,6.585,6.673,6.752,6.824,6.892,6.957,7.019,7.079,0.000,0.000,0.000,0.000,0.000,0.000,0.000,0.000,0.000,0.000,0.000,0.000,0.000,-6.410E-51,-626.2E-12,-972.9E-12,-1.461E-9,-2.169E-9,-3.188E-9,-4.647E-9,-6.725E-9,-9.667E-9,-13.81E-9,-19.62E-9,-27.73E-9,-39.02E-9,0.000,25.73,25.57,25.40,25.23,25.05,24.88,24.71,24.55,24.38,24.22,24.05,23.89,0.000,1.448E-9,2.180E-9,3.171E-9,4.558E-9,6.485E-9,9.149E-9,12.81E-9,17.82E-9,24.61E-9,33.79E-9,46.12E-9,62.58E-9,0.000,16.10E-9,24.85E-9,37.06E-9,54.61E-9,79.69E-9,115.3E-9,165.8E-9,236.6E-9,335.8E-9,473.7E-9,664.6E-9,927.5E-9,10.84E-9,3.387E-9,4.014E-9,5.839E-9,8.429E-9,12.10E-9,17.28E-9,24.55E-9,34.68E-9,48.72E-9,68.09E-9,94.68E-9,131.0E-9,0.000,2.717E6,4.237E6,6.373E6,9.457E6,13.88E6,20.17E6,29.09E6,41.67E6,59.28E6,83.81E6,117.8E6,164.7E6,928.4E-18,860.8E-18,806.4E-18,761.7E-18,724.3E-18,692.4E-18,664.9E-18,641.0E-18,619.9E-18,601.2E-18,584.5E-18,569.5E-18,555.9E-18,928.4E-18,928.4E-18,928.4E-18,928.4E-18,928.4E-18,928.4E-18,928.4E-18,928.4E-18,928.4E-18,928.4E-18,928.4E-18,928.4E-18,928.4E-18,413.3E-18,413.3E-18,413.3E-18,413.3E-18,413.3E-18,413.3E-18,413.3E-18,413.3E-18,413.3E-18,413.3E-18,413.3E-18,413.3E-18,413.3E-18,413.3E-18,402.7E-18,392.7E-18,384.6E-18,378.2E-18,373.2E-18,369.2E-18,365.8E-18,363.1E-18,360.7E-18,358.7E-18,356.9E-18,355.3E-18,127.6E-18,127.6E-18,127.6E-18,127.6E-18,127.6E-18,127.6E-18,127.6E-18,127.6E-18,127.6E-18,127.6E-18,127.6E-18,127.6E-18,127.6E-18,-1.959E-21,-2.204E-21,-2.209E-21,-2.209E-21,-2.209E-21,-2.209E-21,-2.209E-21,-2.209E-21,-2.209E-21,-2.209E-21,-2.209E-21,-2.209E-21,-2.209E-21
50.00E-3,0.000,201.6E-3,338.1E-3,355.9E-3,362.3E-3,366.3E-3,369.4E-3,372.2E-3,374.7E-3,377.2E-3,379.6E-3,382.0E-3,384.3E-3,-79.14E-3,-79.37E-3,-79.78E-3,-80.22E-3,-80.66E-3,-81.10E-3,-81.55E-3,-81.99E-3,-82.43E-3,-82.87E-3,-83.31E-3,-83.75E-3,-84.19E-3,0.000,4.844,6.361,6.526,6.664,6.774,6.865,6.946,7.021,7.090,7.157,7.221,7.282,0.000,0.000,0.000,0.000,0.000,0.000,0.000,0.000,0.000,0.000,0.000,0.000,0.000,682.8E-18,-2.275E-9,-3.505E-9,-5.216E-9,-7.672E-9,-11.18E-9,-16.15E-9,-23.16E-9,-33.01E-9,-46.77E-9,-65.88E-9,-92.28E-9,-128.6E-9,0.000,25.88,25.72,25.54,25.36,25.18,25.01,24.83,24.66,24.49,24.31,24.14,23.97,0.000,5.008E-9,7.479E-9,10.79E-9,15.38E-9,21.69E-9,30.35E-9,42.13E-9,58.10E-9,79.59E-9,108.3E-9,146.6E-9,197.2E-9,0.000,58.87E-9,90.10E-9,133.2E-9,194.5E-9,281.3E-9,403.5E-9,574.8E-9,813.4E-9,1.144E-6,1.600E-6,2.226E-6,3.079E-6,39.58E-9,12.15E-9,14.17E-9,20.40E-9,29.18E-9,41.52E-9,58.77E-9,82.74E-9,115.9E-9,161.4E-9,223.6E-9,308.2E-9,422.8E-9,0.000,9.866E6,15.27E6,22.78E6,33.53E6,48.80E6,70.35E6,100.6E6,142.9E6,201.5E6,282.6E6,393.8E6,545.8E6,928.4E-18,860.8E-18,806.4E-18,761.7E-18,724.3E-18,692.4E-18,664.9E-18,641.0E-18,619.9E-18,601.2E-18,584.5E-18,569.5E-18,555.9E-18,928.4E-18,928.4E-18,928.4E-18,928.4E-18,928.4E-18,928.4E-18,928.4E-18,928.4E-18,928.4E-18,928.4E-18,928.4E-18,928.4E-18,928.4E-18,418.0E-18,418.0E-18,418.0E-18,418.0E-18,418.0E-18,418.0E-18,418.0E-18,418.0E-18,418.0E-18,418.0E-18,418.0E-18,418.0E-18,418.0E-18,418.0E-18,408.1E-18,397.5E-18,388.4E-18,381.2E-18,375.6E-18,371.1E-18,367.4E-18,364.4E-18,361.8E-18,359.6E-18,357.7E-18,356.1E-18,123.8E-18,123.8E-18,123.8E-18,123.8E-18,123.8E-18,123.8E-18,123.8E-18,123.8E-18,123.8E-18,123.8E-18,123.8E-18,123.8E-18,123.8E-18,-10.86E-21,-12.21E-21,-12.24E-21,-12.24E-21,-12.24E-21,-12.24E-21,-12.24E-21,-12.24E-21,-12.24E-21,-12.24E-21,-12.24E-21,-12.24E-21,-12.24E-21
100.0E-3,0.000,202.6E-3,342.0E-3,360.4E-3,367.2E-3,371.4E-3,374.8E-3,377.8E-3,380.7E-3,383.6E-3,386.5E-3,389.5E-3,392.7E-3,-79.25E-3,-79.49E-3,-79.90E-3,-80.34E-3,-80.78E-3,-81.23E-3,-81.67E-3,-82.12E-3,-82.56E-3,-83.01E-3,-83.46E-3,-83.91E-3,-84.36E-3,0.000,4.934,6.537,6.713,6.857,6.971,7.066,7.150,7.226,7.298,7.366,7.431,7.494,0.000,0.000,0.000,0.000,0.000,0.000,0.000,0.000,0.000,3.000,3.000,3.000,3.000,7.382E-15,-8.326E-9,-12.72E-9,-18.76E-9,-27.33E-9,-39.46E-9,-56.49E-9,-80.32E-9,-113.5E-9,-159.3E-9,-222.3E-9,-308.6E-9,-426.1E-9,0.000,26.01,25.84,25.66,25.47,25.29,25.10,24.92,24.73,24.55,24.36,24.16,23.96,0.000,17.55E-9,25.99E-9,37.16E-9,52.48E-9,73.38E-9,101.7E-9,140.0E-9,191.2E-9,259.5E-9,349.9E-9,468.8E-9,624.0E-9,0.000,216.6E-9,328.6E-9,481.2E-9,696.2E-9,997.6E-9,1.418E-6,2.001E-6,2.805E-6,3.909E-6,5.414E-6,7.455E-6,10.20E-6,145.5E-9,43.89E-9,50.27E-9,71.67E-9,101.5E-9,143.1E-9,200.7E-9,279.9E-9,388.2E-9,535.7E-9,735.0E-9,1.003E-6,1.362E-6,0.000,36.07E6,55.35E6,81.91E6,119.6E6,172.5E6,246.5E6,349.4E6,491.7E6,687.2E6,954.3E6,1.317E9,1.806E9,928.4E-18,860.8E-18,806.4E-18,761.7E-18,724.3E-18,692.4E-18,664.9E-18,641.0E-18,619.9E-18,601.2E-18,584.5E-18,569.5E-18,555.9E-18,928.4E-18,928.4E-18,928.4E-18,928.4E-18,928.4E-18,928.4E-18,928.4E-18,928.4E-18,928.4E-18,928.4E-18,928.4E-18,928.4E-18,928.4E-18,421.9E-18,421.9E-18,421.9E-18,421.9E-18,421.9E-18,421.9E-18,421.9E-18,421.9E-18,421.9E-18,421.9E-18,421.9E-18,421.9E-18,421.9E-18,421.9E-18,413.3E-18,402.7E-18,392.7E-18,384.6E-18,378.2E-18,373.2E-18,369.2E-18,365.8E-18,363.1E-18,360.7E-18,358.7E-18,356.9E-18,120.2E-18,120.2E-18,120.2E-18,120.2E-18,120.2E-18,120.2E-18,120.2E-18,120.2E-18,120.2E-18,120.2E-18,120.2E-18,120.2E-18,120.2E-18,-60.65E-21,-68.12E-21,-68.29E-21,-68.29E-21,-68.28E-21,-68.28E-21,-68.28E-21,-68.28E-21,-68.28E-21,-68.28E-21,-68.28E-21,-68.28E-21,-68.28E-21
150.0E-3,0.000,203.6E-3,346.7E-3,366.2E-3,373.5E-3,378.4E-3,382.5E-3,386.3E-3,390.3E-3,394.5E-3,399.1E-3,404.0E-3,409.5E-3,-79.37E-3,-79.61E-3,-80.02E-3,-80.46E-3,-80.91E-3,-81.36E-3,-81.82E-3,-82.27E-3,-82.73E-3,-83.19E-3,-83.67E-3,-84.15E-3,-84.65E-3,0.000,5.023,6.720,6.909,7.059,7.177,7.276,7.362,7.440,7.513,7.582,7.647,7.710,0.000,0.000,0.000,0.000,0.000,3.000,3.000,3.000,3.000,3.000,3.000,3.000,3.000,22.63E-15,-30.65E-9,-46.42E-9,-67.81E-9,-97.89E-9,-139.9E-9,-198.5E-9,-279.4E-9,-390.8E-9,-543.1E-9,-750.1E-9,-1.030E-6,-1.405E-6,0.000,26.12,25.94,25.75,25.55,25.35,25.15,24.94,24.72,24.49,24.25,23.99,23.71,0.000,62.15E-9,91.25E-9,129.2E-9,180.8E-9,250.2E-9,343.4E-9,467.5E-9,631.7E-9,847.2E-9,1.128E-6,1.490E-6,1.954E-6,0.000,800.6E-9,1.204E-6,1.746E-6,2.501E-6,3.547E-6,4.990E-6,6.967E-6,9.660E-6,13.30E-6,18.19E-6,24.71E-6,33.31E-6,538.2E-9,159.4E-9,179.2E-9,252.7E-9,354.3E-9,494.2E-9,685.8E-9,946.4E-9,1.298E-6,1.770E-6,2.399E-6,3.230E-6,4.320E-6,0.000,132.7E6,201.6E6,295.5E6,427.5E6,611.1E6,864.9E6,1.214E9,1.689E9,2.334E9,3.201E9,4.358E9,5.888E9,928.5E-18,860.8E-18,806.5E-18,761.8E-18,724.3E-18,692.4E-18,665.0E-18,641.0E-18,619.9E-18,601.3E-18,584.6E-18,569.5E-18,556.0E-18,928.5E-18,928.5E-18,928.5E-18,928.5E-18,928.5E-18,928.5E-18,928.5E-18,928.5E-18,928.5E-18,928.5E-18,928.5E-18,928.5E-18,928.5E-18,425.6E-18,425.7E-18,425.7E-18,425.7E-18,425.7E-18,425.7E-18,425.7E-18,425.7E-18,425.7E-18,425.7E-18,425.7E-18,425.7E-18,425.7E-18,425.6E-18,417.9E-18,408.1E-18,397.5E-18,388.4E-18,381.2E-18,375.6E-18,371.1E-18,367.4E-18,364.4E-18,361.8E-18,359.6E-18,357.7E-18,116.9E-18,117.0E-18,117.0E-18,117.0E-18,117.0E-18,117.0E-18,117.0E-18,117.0E-18,117.0E-18,117.0E-18,117.0E-18,117.0E-18,117.0E-18,-339.8E-21,-381.6E-21,-382.6E-21,-382.6E-21,-382.6E-21,-382.5E-21,-382.5E-21,-382.5E-21,-382.5E-21,-382.5E-21,-382.5E-21,-382.5E-21,-382.5E-21
200.0E-3,0.000,204.7E-3,353.7E-3,375.4E-3,384.5E-3,391.2E-3,397.4E-3,403.8E-3,410.8E-3,418.5E-3,427.1E-3,436.6E-3,447.2E-3,-79.50E-3,-79.74E-3,-80.16E-3,-80.61E-3,-81.08E-3,-81.55E-3,-82.02E-3,-82.51E-3,-83.02E-3,-83.54E-3,-84.09E-3,-84.67E-3,-85.30E-3,0.000,5.109,6.910,7.112,7.269,7.392,7.492,7.580,7.659,7.731,7.799,7.862,7.921,3.000,3.000,3.000,3.000,3.000,3.000,3.000,3.000,3.000,3.000,3.000,3.000,3.000,48.07E-15,-113.3E-9,-170.0E-9,-245.9E-9,-351.2E-9,-496.7E-9,-696.4E-9,-968.8E-9,-1.338E-6,-1.834E-6,-2.496E-6,-3.370E-6,-4.514E-6,0.000,26.17,25.98,25.76,25.53,25.29,25.03,24.75,24.44,24.10,23.73,23.30,22.83,0.000,221.8E-9,322.5E-9,451.8E-9,624.5E-9,853.8E-9,1.156E-6,1.551E-6,2.061E-6,2.714E-6,3.539E-6,4.565E-6,5.823E-6,0.000,2.967E-6,4.418E-6,6.334E-6,8.966E-6,12.56E-6,17.43E-6,23.98E-6,32.70E-6,44.21E-6,59.21E-6,78.53E-6,103.1E-6,1.998E-6,580.7E-9,639.4E-9,890.6E-9,1.233E-6,1.699E-6,2.326E-6,3.163E-6,4.270E-6,5.718E-6,7.593E-6,9.989E-6,13.01E-6,0.000,488.0E6,733.2E6,1.063E9,1.521E9,2.148E9,3.002E9,4.153E9,5.689E9,7.719E9,10.37E9,13.79E9,18.14E9,929.0E-18,861.0E-18,806.6E-18,761.9E-18,724.5E-18,692.6E-18,665.1E-18,641.2E-18,620.1E-18,601.4E-18,584.7E-18,569.7E-18,556.1E-18,929.0E-18,928.8E-18,928.8E-18,928.8E-18,928.8E-18,928.8E-18,928.8E-18,928.8E-18,928.8E-18,928.8E-18,928.8E-18,928.8E-18,928.8E-18,431.8E-18,432.1E-18,432.2E-18,432.2E-18,432.2E-18,432.2E-18,432.2E-18,432.2E-18,432.2E-18,432.2E-18,432.2E-18,432.2E-18,432.2E-18,431.8E-18,421.8E-18,413.3E-18,402.7E-18,392.7E-18,384.6E-18,378.2E-18,373.2E-18,369.2E-18,365.8E-18,363.1E-18,360.7E-18,358.7E-18,113.1E-18,113.5E-18,113.5E-18,113.5E-18,113.5E-18,113.5E-18,113.5E-18,113.5E-18,113.5E-18,113.5E-18,113.5E-18,113.5E-18,113.5E-18,-1.887E-18,-2.125E-18,-2.130E-18,-2.130E-18,-2.130E-18,-2.130E-18,-2.130E-18,-2.130E-18,-2.130E-18,-2.130E-18,-2.130E-18,-2.130E-18,-2.130E-18
250.0E-3,0.000,205.3E-3,367.7E-3,395.3E-3,408.8E-3,420.0E-3,431.2E-3,443.0E-3,455.8E-3,469.8E-3,485.1E-3,501.5E-3,519.3E-3,-79.68E-3,-79.93E-3,-80.37E-3,-80.85E-3,-81.37E-3,-81.90E-3,-82.46E-3,-83.06E-3,-83.70E-3,-84.41E-3,-85.19E-3,-86.05E-3,-87.02E-3,0.000,5.174,7.100,7.318,7.481,7.606,7.707,7.792,7.868,7.936,7.997,8.052,8.103,3.000,3.000,3.000,3.000,3.000,3.000,3.000,3.000,3.000,3.000,3.000,3.000,3.000,85.91E-15,-419.0E-9,-621.9E-9,-888.0E-9,-1.251E-6,-1.743E-6,-2.405E-6,-3.286E-6,-4.448E-6,-5.962E-6,-7.912E-6,-10.39E-6,-13.50E-6,0.000,26.09,25.84,25.54,25.21,24.84,24.43,23.96,23.44,22.86,22.21,21.51,20.76,0.000,791.1E-9,1.136E-6,1.566E-6,2.127E-6,2.850E-6,3.772E-6,4.929E-6,6.359E-6,8.093E-6,10.15E-6,12.55E-6,15.29E-6,0.000,10.93E-6,16.07E-6,22.68E-6,31.54E-6,43.31E-6,58.75E-6,78.75E-6,104.3E-6,136.3E-6,175.8E-6,223.5E-6,280.3E-6,7.401E-6,2.112E-6,2.264E-6,3.100E-6,4.217E-6,5.694E-6,7.623E-6,10.11E-6,13.25E-6,17.17E-6,21.98E-6,27.76E-6,34.59E-6,0.000,1.758E9,2.603E9,3.711E9,5.217E9,7.231E9,9.884E9,13.33E9,17.73E9,23.27E9,30.10E9,38.39E9,48.25E9,931.3E-18,861.9E-18,807.5E-18,762.8E-18,725.4E-18,693.5E-18,666.0E-18,642.1E-18,621.0E-18,602.3E-18,585.6E-18,570.6E-18,557.0E-18,931.3E-18,930.4E-18,930.4E-18,930.4E-18,930.4E-18,930.4E-18,930.4E-18,930.4E-18,930.4E-18,930.4E-18,930.4E-18,930.4E-18,930.4E-18,454.1E-18,456.1E-18,456.1E-18,456.1E-18,456.1E-18,456.1E-18,456.1E-18,456.1E-18,456.1E-18,456.1E-18,456.1E-18,456.1E-18,456.1E-18,454.1E-18,424.9E-18,417.9E-18,408.1E-18,397.5E-18,388.4E-18,381.2E-18,375.6E-18,371.1E-18,367.4E-18,364.4E-18,361.8E-18,359.6E-18,106.3E-18,108.6E-18,108.6E-18,108.6E-18,108.6E-18,108.6E-18,108.6E-18,108.6E-18,108.6E-18,108.6E-18,108.6E-18,108.6E-18,108.6E-18,-9.736E-18,-11.17E-18,-11.20E-18,-11.20E-18,-11.20E-18,-11.20E-18,-11.20E-18,-11.20E-18,-11.20E-18,-11.20E-18,-11.20E-18,-11.20E-18,-11.20E-18
300.0E-3,0.000,203.6E-3,396.8E-3,438.3E-3,460.2E-3,479.0E-3,497.7E-3,517.1E-3,537.7E-3,559.6E-3,583.0E-3,607.7E-3,633.8E-3,-80.01E-3,-80.29E-3,-80.82E-3,-81.42E-3,-82.09E-3,-82.82E-3,-83.63E-3,-84.54E-3,-85.56E-3,-86.72E-3,-88.02E-3,-89.49E-3,-91.13E-3,0.000,5.165,7.270,7.507,7.674,7.798,7.894,7.973,8.041,8.100,8.152,8.199,8.240,3.000,3.000,3.000,3.000,3.000,3.000,3.000,3.000,3.000,3.000,3.000,3.000,3.000,139.0E-15,-1.528E-6,-2.233E-6,-3.128E-6,-4.311E-6,-5.859E-6,-7.862E-6,-10.42E-6,-13.63E-6,-17.62E-6,-22.49E-6,-28.36E-6,-35.34E-6,0.000,25.54,25.15,24.65,24.07,23.43,22.72,21.95,21.13,20.28,19.41,18.52,17.64,0.000,2.744E-6,3.857E-6,5.171E-6,6.796E-6,8.773E-6,11.13E-6,13.89E-6,17.04E-6,20.57E-6,24.42E-6,28.55E-6,32.87E-6,0.000,39.01E-6,56.18E-6,77.09E-6,103.8E-6,137.3E-6,178.6E-6,228.7E-6,288.1E-6,357.4E-6,436.5E-6,525.3E-6,623.2E-6,26.83E-6,7.554E-6,7.728E-6,10.27E-6,13.52E-6,17.60E-6,22.63E-6,28.68E-6,35.83E-6,44.12E-6,53.55E-6,64.07E-6,75.62E-6,0.000,5.819E9,8.428E9,11.66E9,15.85E9,21.17E9,27.77E9,35.77E9,45.30E9,56.41E9,69.13E9,83.42E9,99.20E9,939.2E-18,865.3E-18,810.9E-18,766.2E-18,728.7E-18,696.8E-18,669.4E-18,645.4E-18,624.4E-18,605.7E-18,589.0E-18,574.0E-18,560.4E-18,939.2E-18,936.2E-18,936.1E-18,936.1E-18,936.1E-18,936.1E-18,936.1E-18,936.1E-18,936.1E-18,936.1E-18,936.1E-18,936.1E-18,936.1E-18,528.4E-18,540.8E-18,541.0E-18,540.9E-18,540.9E-18,540.9E-18,540.9E-18,540.9E-18,540.9E-18,540.9E-18,540.9E-18,540.9E-18,540.9E-18,528.4E-18,428.2E-18,421.8E-18,413.3E-18,402.7E-18,392.7E-18,384.6E-18,378.2E-18,373.2E-18,369.2E-18,365.8E-18,363.1E-18,360.7E-18,89.99E-18,98.06E-18,98.17E-18,98.17E-18,98.17E-18,98.17E-18,98.17E-18,98.17E-18,98.17E-18,98.17E-18,98.17E-18,98.17E-18,98.17E-18,-37.35E-18,-45.79E-18,-45.93E-18,-45.92E-18,-45.92E-18,-45.92E-18,-45.92E-18,-45.92E-18,-45.92E-18,-45.92E-18,-45.92E-18,-45.92E-18,-45.92E-18
350.0E-3,0.000,194.2E-3,441.5E-3,512.0E-3,547.9E-3,577.2E-3,605.3E-3,634.0E-3,663.9E-3,695.2E-3,727.9E-3,761.9E-3,797.2E-3,-80.89E-3,-81.30E-3,-82.07E-3,-83.02E-3,-84.10E-3,-85.33E-3,-86.72E-3,-88.28E-3,-90.03E-3,-91.96E-3,-94.08E-3,-96.38E-3,-98.85E-3,0.000,4.923,7.361,7.636,7.810,7.933,8.026,8.099,8.161,8.214,8.261,8.302,8.337,3.000,3.000,3.000,3.000,3.000,3.000,3.000,3.000,3.000,3.000,2.000,2.000,2.000,211.6E-15,-5.280E-6,-7.531E-6,-10.20E-6,-13.55E-6,-17.70E-6,-22.77E-6,-28.88E-6,-36.14E-6,-44.64E-6,-54.47E-6,-65.70E-6,-78.37E-6,0.000,23.80,23.20,22.38,21.50,20.58,19.65,18.71,17.77,16.86,15.96,15.10,14.27,0.000,8.620E-6,11.69E-6,14.91E-6,18.57E-6,22.64E-6,27.10E-6,31.88E-6,36.88E-6,42.03E-6,47.20E-6,52.31E-6,57.25E-6,0.000,125.7E-6,174.7E-6,228.3E-6,291.3E-6,364.3E-6,447.3E-6,540.3E-6,642.3E-6,752.5E-6,869.6E-6,992.1E-6,1.119E-3,90.31E-6,25.53E-6,23.74E-6,29.89E-6,37.29E-6,45.91E-6,55.74E-6,66.70E-6,78.70E-6,91.61E-6,105.3E-6,119.5E-6,134.2E-6,0.000,16.52E9,23.15E9,30.43E9,39.15E9,49.39E9,61.13E9,74.29E9,88.76E9,104.4E9,121.0E9,138.4E9,156.4E9,951.5E-18,872.0E-18,817.1E-18,772.4E-18,734.9E-18,703.1E-18,675.6E-18,651.7E-18,630.6E-18,611.9E-18,595.2E-18,580.2E-18,566.6E-18,951.5E-18,945.8E-18,945.6E-18,945.6E-18,945.6E-18,945.6E-18,945.6E-18,945.6E-18,945.6E-18,945.6E-18,945.6E-18,945.6E-18,945.6E-18,648.8E-18,693.1E-18,694.1E-18,694.0E-18,694.0E-18,694.0E-18,694.0E-18,694.0E-18,694.0E-18,694.0E-18,694.0E-18,694.0E-18,694.0E-18,648.8E-18,436.3E-18,424.9E-18,417.9E-18,408.1E-18,397.5E-18,388.4E-18,381.2E-18,375.6E-18,371.1E-18,367.4E-18,364.4E-18,361.8E-18,66.32E-18,81.55E-18,82.17E-18,82.19E-18,82.19E-18,82.19E-18,82.19E-18,82.19E-18,82.19E-18,82.19E-18,82.19E-18,82.19E-18,82.19E-18,-82.56E-18,-112.5E-18,-113.2E-18,-113.1E-18,-113.1E-18,-113.1E-18,-113.1E-18,-113.1E-18,-113.1E-18,-113.1E-18,-113.1E-18,-113.1E-18,-113.1E-18
400.0E-3,0.000,177.8E-3,486.6E-3,614.3E-3,674.8E-3,719.3E-3,759.6E-3,799.2E-3,839.4E-3,880.6E-3,922.8E-3,966.0E-3,1.010,-83.42E-3,-84.11E-3,-85.47E-3,-87.12E-3,-88.97E-3,-91.03E-3,-93.27E-3,-95.70E-3,-98.31E-3,-101.1E-3,-104.0E-3,-107.1E-3,-110.3E-3,0.000,4.214,7.292,7.667,7.867,8.000,8.097,8.171,8.231,8.282,8.325,8.362,8.393,3.000,3.000,3.000,3.000,3.000,2.000,2.000,2.000,2.000,2.000,2.000,2.000,2.000,311.6E-15,-16.04E-6,-22.17E-6,-28.69E-6,-36.34E-6,-45.25E-6,-55.52E-6,-67.21E-6,-80.37E-6,-95.04E-6,-111.2E-6,-128.9E-6,-148.1E-6,0.000,20.41,19.83,18.87,17.90,16.94,16.01,15.11,14.26,13.45,12.69,11.97,11.30,0.000,21.96E-6,28.69E-6,34.48E-6,40.40E-6,46.42E-6,52.45E-6,58.39E-6,64.14E-6,69.60E-6,74.71E-6,79.39E-6,83.62E-6,0.000,327.3E-6,439.6E-6,541.4E-6,650.3E-6,766.5E-6,888.8E-6,1.016E-3,1.146E-3,1.278E-3,1.411E-3,1.543E-3,1.674E-3,259.3E-6,77.68E-6,60.29E-6,70.61E-6,82.67E-6,95.81E-6,109.8E-6,124.3E-6,139.2E-6,154.4E-6,169.5E-6,184.5E-6,199.4E-6,0.000,38.26E9,52.53E9,65.00E9,78.60E9,93.38E9,109.1E9,125.5E9,142.3E9,159.4E9,176.5E9,193.5E9,210.3E9,961.0E-18,879.6E-18,823.0E-18,778.2E-18,740.8E-18,708.9E-18,681.4E-18,657.5E-18,636.4E-18,617.7E-18,601.0E-18,586.0E-18,572.4E-18,961.0E-18,954.3E-18,953.4E-18,953.3E-18,953.3E-18,953.3E-18,953.3E-18,953.3E-18,953.3E-18,953.3E-18,953.3E-18,953.3E-18,953.3E-18,748.7E-18,829.6E-18,835.7E-18,835.3E-18,835.2E-18,835.2E-18,835.2E-18,835.2E-18,835.2E-18,835.2E-18,835.2E-18,835.2E-18,835.2E-18,748.7E-18,466.7E-18,427.8E-18,421.9E-18,413.3E-18,402.7E-18,392.7E-18,384.6E-18,378.2E-18,373.2E-18,369.2E-18,365.8E-18,363.1E-18,47.86E-18,65.53E-18,68.27E-18,68.38E-18,68.39E-18,68.40E-18,68.40E-18,68.40E-18,68.40E-18,68.40E-18,68.40E-18,68.40E-18,68.40E-18,-120.2E-18,-174.9E-18,-179.4E-18,-179.1E-18,-179.0E-18,-179.0E-18,-179.0E-18,-179.0E-18,-179.0E-18,-179.0E-18,-179.0E-18,-179.0E-18,-179.0E-18
450.0E-3,0.000,164.4E-3,511.9E-3,731.0E-3,835.4E-3,903.0E-3,958.9E-3,1.011,1.062,1.113,1.165,1.217,1.269,-89.28E-3,-90.41E-3,-92.58E-3,-95.11E-3,-97.85E-3,-100.8E-3,-103.8E-3,-107.0E-3,-110.3E-3,-113.8E-3,-117.4E-3,-121.0E-3,-124.8E-3,0.000,3.042,6.981,7.578,7.836,7.995,8.104,8.185,8.249,8.302,8.346,8.383,8.413,1.000,2.000,2.000,2.000,2.000,2.000,2.000,2.000,2.000,2.000,2.000,2.000,2.000,451.3E-15,-40.00E-6,-54.20E-6,-66.97E-6,-80.97E-6,-96.37E-6,-113.2E-6,-131.6E-6,-151.5E-6,-172.7E-6,-195.4E-6,-219.5E-6,-244.9E-6,0.000,16.10,15.95,15.09,14.22,13.40,12.62,11.90,11.22,10.59,10.00,9.462,8.959,0.000,42.49E-6,55.17E-6,62.95E-6,69.99E-6,76.54E-6,82.61E-6,88.17E-6,93.19E-6,97.65E-6,101.5E-6,104.8E-6,107.5E-6,0.000,643.9E-6,864.3E-6,1.011E-3,1.152E-3,1.291E-3,1.429E-3,1.566E-3,1.699E-3,1.829E-3,1.955E-3,2.077E-3,2.194E-3,600.4E-6,211.7E-6,123.8E-6,133.4E-6,147.0E-6,161.5E-6,176.4E-6,191.3E-6,206.0E-6,220.3E-6,234.3E-6,247.8E-6,260.8E-6,0.000,68.18E9,96.29E9,113.2E9,129.7E9,146.5E9,163.4E9,180.1E9,196.5E9,212.4E9,227.8E9,242.7E9,256.9E9,966.8E-18,887.4E-18,827.4E-18,782.4E-18,744.9E-18,713.0E-18,685.5E-18,661.6E-18,640.5E-18,621.8E-18,605.1E-18,590.1E-18,576.5E-18,966.8E-18,960.8E-18,958.4E-18,958.3E-18,958.2E-18,958.2E-18,958.2E-18,958.2E-18,958.2E-18,958.2E-18,958.2E-18,958.2E-18,958.2E-18,814.6E-18,912.2E-18,937.3E-18,936.3E-18,936.0E-18,935.9E-18,935.9E-18,935.9E-18,935.9E-18,935.9E-18,935.9E-18,935.9E-18,935.9E-18,814.6E-18,539.7E-18,432.9E-18,425.1E-18,418.0E-18,408.1E-18,397.5E-18,388.4E-18,381.2E-18,375.6E-18,371.1E-18,367.4E-18,364.4E-18,36.26E-18,51.29E-18,58.35E-18,58.81E-18,58.86E-18,58.87E-18,58.88E-18,58.88E-18,58.88E-18,58.88E-18,58.88E-18,58.88E-18,58.88E-18,-144.9E-18,-209.8E-18,-228.9E-18,-228.0E-18,-227.8E-18,-227.7E-18,-227.7E-18,-227.7E-18,-227.7E-18,-227.7E-18,-227.7E-18,-227.7E-18,-227.7E-18
500.0E-3,0.000,155.2E-3,511.0E-3,837.5E-3,1.013,1.117,1.195,1.263,1.326,1.388,1.449,1.510,1.570,-99.32E-3,-100.9E-3,-103.8E-3,-107.0E-3,-110.5E-3,-114.0E-3,-117.7E-3,-121.5E-3,-125.4E-3,-129.3E-3,-133.3E-3,-137.5E-3,-141.6E-3,0.000,1.901,6.316,7.337,7.705,7.910,8.046,8.143,8.218,8.278,8.327,8.368,8.400,1.000,1.000,2.000,2.000,2.000,2.000,2.000,2.000,2.000,2.000,2.000,2.000,2.000,644.9E-15,-80.30E-6,-109.7E-6,-130.6E-6,-151.9E-6,-174.4E-6,-198.1E-6,-223.1E-6,-249.3E-6,-276.7E-6,-305.3E-6,-335.0E-6,-365.7E-6,0.000,11.91,12.38,11.76,11.10,10.48,9.898,9.357,8.856,8.391,7.959,7.559,7.186,0.000,62.97E-6,85.34E-6,94.11E-6,100.9E-6,106.6E-6,111.5E-6,115.7E-6,119.2E-6,122.0E-6,124.2E-6,125.7E-6,126.6E-6,0.000,956.8E-6,1.358E-3,1.536E-3,1.687E-3,1.828E-3,1.961E-3,2.087E-3,2.208E-3,2.322E-3,2.430E-3,2.532E-3,2.628E-3,1.128E-3,503.2E-6,215.0E-6,209.4E-6,219.0E-6,231.1E-6,243.7E-6,256.3E-6,268.6E-6,280.5E-6,291.8E-6,302.6E-6,312.8E-6,0.000,93.75E9,143.6E9,164.2E9,181.2E9,197.5E9,213.5E9,228.8E9,243.3E9,257.1E9,270.0E9,282.1E9,293.5E9,970.5E-18,894.2E-18,831.1E-18,785.3E-18,747.7E-18,715.8E-18,688.4E-18,664.4E-18,643.4E-18,624.7E-18,608.0E-18,592.9E-18,579.4E-18,970.5E-18,965.7E-18,961.9E-18,961.5E-18,961.4E-18,961.4E-18,961.4E-18,961.4E-18,961.4E-18,961.4E-18,961.4E-18,961.4E-18,961.4E-18,858.2E-18,951.6E-18,1.009E-15,1.008E-15,1.007E-15,1.007E-15,1.007E-15,1.007E-15,1.007E-15,1.007E-15,1.007E-15,1.007E-15,1.007E-15,858.2E-18,633.2E-18,445.9E-18,428.5E-18,422.1E-18,413.3E-18,402.7E-18,392.8E-18,384.6E-18,378.2E-18,373.2E-18,369.2E-18,365.8E-18,28.87E-18,39.58E-18,50.60E-18,51.96E-18,52.14E-18,52.17E-18,52.18E-18,52.19E-18,52.19E-18,52.19E-18,52.19E-18,52.19E-18,52.19E-18,-161.1E-18,-221.2E-18,-264.4E-18,-263.7E-18,-263.2E-18,-263.0E-18,-262.9E-18,-262.9E-18,-262.9E-18,-262.9E-18,-262.9E-18,-262.9E-18,-262.9E-18
550.0E-3,0.000,147.1E-3,490.8E-3,910.9E-3,1.184,1.345,1.456,1.546,1.625,1.699,1.771,1.841,1.909,-113.0E-3,-114.8E-3,-118.2E-3,-122.1E-3,-126.0E-3,-130.1E-3,-134.2E-3,-138.4E-3,-142.6E-3,-147.0E-3,-151.4E-3,-155.9E-3,-160.4E-3,0.000,1.207,5.263,6.921,7.470,7.751,7.927,8.050,8.142,8.215,8.272,8.319,8.356,1.000,1.000,2.000,2.000,2.000,2.000,2.000,2.000,2.000,2.000,2.000,2.000,2.000,906.2E-15,-133.7E-6,-189.0E-6,-219.6E-6,-248.5E-6,-277.8E-6,-307.8E-6,-338.6E-6,-370.3E-6,-402.9E-6,-436.3E-6,-470.5E-6,-505.5E-6,0.000,8.696,9.526,9.178,8.717,8.268,7.846,7.451,7.084,6.741,6.422,6.123,5.845,0.000,77.52E-6,112.1E-6,122.0E-6,127.9E-6,132.3E-6,135.5E-6,137.9E-6,139.6E-6,140.5E-6,140.8E-6,140.4E-6,139.5E-6,0.000,1.162E-3,1.800E-3,2.016E-3,2.166E-3,2.297E-3,2.415E-3,2.523E-3,2.623E-3,2.716E-3,2.802E-3,2.881E-3,2.954E-3,1.793E-3,963.2E-6,342.0E-6,291.2E-6,290.0E-6,296.3E-6,304.6E-6,313.4E-6,322.2E-6,330.6E-6,338.7E-6,346.3E-6,353.6E-6,0.000,107.9E9,181.7E9,208.1E9,224.9E9,239.6E9,253.6E9,266.9E9,279.2E9,290.5E9,300.8E9,310.2E9,318.9E9,972.8E-18,899.0E-18,834.9E-18,787.7E-18,749.9E-18,718.0E-18,690.5E-18,666.5E-18,645.5E-18,626.8E-18,610.1E-18,595.0E-18,581.5E-18,972.8E-18,969.3E-18,964.8E-18,963.8E-18,963.7E-18,963.6E-18,963.6E-18,963.6E-18,963.6E-18,963.6E-18,963.6E-18,963.6E-18,963.6E-18,888.4E-18,970.3E-18,1.058E-15,1.062E-15,1.061E-15,1.060E-15,1.060E-15,1.060E-15,1.060E-15,1.060E-15,1.060E-15,1.060E-15,1.060E-15,888.4E-18,713.1E-18,475.0E-18,433.4E-18,425.6E-18,418.2E-18,408.1E-18,397.6E-18,388.5E-18,381.2E-18,375.6E-18,371.1E-18,367.4E-18,23.90E-18,31.19E-18,43.59E-18,46.61E-18,47.05E-18,47.14E-18,47.17E-18,47.18E-18,47.18E-18,47.19E-18,47.19E-18,47.19E-18,47.19E-18,-172.1E-18,-223.1E-18,-287.9E-18,-290.9E-18,-289.9E-18,-289.6E-18,-289.4E-18,-289.4E-18,-289.3E-18,-289.3E-18,-289.3E-18,-289.3E-18,-289.3E-18
600.0E-3,0.000,139.5E-3,460.4E-3,939.2E-3,1.323,1.566,1.727,1.848,1.948,2.038,2.123,2.203,2.280,-129.3E-3,-131.3E-3,-135.2E-3,-139.4E-3,-143.7E-3,-148.2E-3,-152.6E-3,-157.2E-3,-161.8E-3,-166.4E-3,-171.2E-3,-175.9E-3,-180.7E-3,0.000,850.5E-3,3.985,6.309,7.125,7.514,7.747,7.905,8.021,8.110,8.180,8.235,8.279,1.000,1.000,2.000,2.000,2.000,2.000,2.000,2.000,2.000,2.000,2.000,2.000,2.000,1.252E-12,-194.6E-6,-287.2E-6,-330.1E-6,-366.5E-6,-401.9E-6,-437.4E-6,-473.1E-6,-509.3E-6,-546.0E-6,-583.1E-6,-620.8E-6,-658.8E-6,0.000,6.519,7.346,7.242,6.937,6.617,6.310,6.020,5.748,5.492,5.253,5.028,4.817,0.000,86.28E-6,131.1E-6,143.4E-6,148.4E-6,151.2E-6,152.7E-6,153.3E-6,153.1E-6,152.2E-6,150.8E-6,148.7E-6,146.2E-6,0.000,1.269E-3,2.110E-3,2.391E-3,2.543E-3,2.660E-3,2.760E-3,2.848E-3,2.927E-3,2.999E-3,3.063E-3,3.121E-3,3.174E-3,2.526E-3,1.492E-3,529.5E-6,379.0E-6,356.9E-6,354.0E-6,356.2E-6,360.3E-6,365.0E-6,369.8E-6,374.5E-6,379.0E-6,383.4E-6,0.000,113.6E9,204.0E9,239.8E9,257.1E9,270.2E9,282.1E9,293.1E9,303.3E9,312.3E9,320.4E9,327.5E9,333.9E9,974.5E-18,902.1E-18,838.7E-18,789.9E-18,751.7E-18,719.6E-18,692.1E-18,668.1E-18,647.1E-18,628.4E-18,611.7E-18,596.7E-18,583.1E-18,974.5E-18,971.7E-18,967.3E-18,965.6E-18,965.3E-18,965.2E-18,965.2E-18,965.2E-18,965.2E-18,965.2E-18,965.2E-18,965.2E-18,965.2E-18,910.1E-18,980.9E-18,1.085E-15,1.103E-15,1.102E-15,1.101E-15,1.101E-15,1.100E-15,1.100E-15,1.100E-15,1.100E-15,1.100E-15,1.100E-15,910.1E-18,772.1E-18,523.8E-18,442.1E-18,429.3E-18,422.4E-18,413.5E-18,402.8E-18,392.8E-18,384.6E-18,378.2E-18,373.2E-18,369.2E-18,20.38E-18,25.42E-18,36.89E-18,42.02E-18,42.95E-18,43.16E-18,43.22E-18,43.24E-18,43.25E-18,43.25E-18,43.26E-18,43.26E-18,43.26E-18,-179.9E-18,-222.8E-18,-298.6E-18,-311.9E-18,-311.0E-18,-310.4E-18,-310.1E-18,-310.0E-18,-309.9E-18,-309.9E-18,-309.9E-18,-309.9E-18,-309.9E-18
650.0E-3,0.000,133.0E-3,427.2E-3,925.8E-3,1.413,1.758,1.988,2.154,2.285,2.396,2.496,2.589,2.676,-147.7E-3,-149.9E-3,-154.0E-3,-158.6E-3,-163.3E-3,-168.0E-3,-172.8E-3,-177.6E-3,-182.5E-3,-187.4E-3,-192.3E-3,-197.3E-3,-202.3E-3,0.000,642.0E-3,2.786,5.495,6.656,7.193,7.502,7.706,7.852,7.962,8.048,8.115,8.168,1.000,1.000,2.000,2.000,2.000,2.000,2.000,2.000,2.000,2.000,2.000,2.000,2.000,1.701E-12,-258.9E-6,-396.7E-6,-456.1E-6,-500.3E-6,-541.3E-6,-581.4E-6,-621.1E-6,-660.7E-6,-700.5E-6,-740.4E-6,-780.5E-6,-820.7E-6,0.000,5.014,5.670,5.777,5.593,5.369,5.145,4.931,4.727,4.535,4.354,4.183,4.022,0.000,89.92E-6,140.1E-6,156.4E-6,161.1E-6,162.6E-6,162.6E-6,161.6E-6,159.8E-6,157.5E-6,154.5E-6,151.2E-6,147.4E-6,0.000,1.298E-3,2.249E-3,2.635E-3,2.799E-3,2.907E-3,2.991E-3,3.062E-3,3.123E-3,3.177E-3,3.223E-3,3.265E-3,3.301E-3,3.266E-3,2.022E-3,807.4E-6,479.4E-6,420.5E-6,404.1E-6,398.7E-6,397.4E-6,397.8E-6,399.0E-6,400.5E-6,402.3E-6,404.2E-6,0.000,113.3E9,209.2E9,257.5E9,277.1E9,289.3E9,299.2E9,308.4E9,316.7E9,324.0E9,330.3E9,335.7E9,340.4E9,975.6E-18,904.3E-18,842.3E-18,792.0E-18,753.2E-18,721.0E-18,693.4E-18,669.4E-18,648.4E-18,629.7E-18,613.0E-18,597.9E-18,584.4E-18,975.6E-18,973.4E-18,969.5E-18,967.1E-18,966.6E-18,966.5E-18,966.4E-18,966.4E-18,966.4E-18,966.4E-18,966.4E-18,966.4E-18,966.4E-18,926.4E-18,988.2E-18,1.095E-15,1.133E-15,1.134E-15,1.133E-15,1.133E-15,1.132E-15,1.132E-15,1.132E-15,1.132E-15,1.132E-15,1.132E-15,926.4E-18,814.7E-18,585.8E-18,457.7E-18,433.8E-18,426.2E-18,418.4E-18,408.3E-18,397.6E-18,388.5E-18,381.3E-18,375.6E-18,371.1E-18,17.78E-18,21.38E-18,30.81E-18,37.81E-18,39.48E-18,39.87E-18,39.99E-18,40.03E-18,40.05E-18,40.06E-18,40.06E-18,40.07E-18,40.07E-18,-185.7E-18,-222.3E-18,-298.1E-18,-327.2E-18,-327.9E-18,-327.1E-18,-326.7E-18,-326.5E-18,-326.4E-18,-326.3E-18,-326.3E-18,-326.3E-18,-326.3E-18
700.0E-3,0.000,127.8E-3,396.0E-3,883.8E-3,1.444,1.898,2.219,2.446,2.619,2.760,2.882,2.990,3.088,-167.8E-3,-170.1E-3,-174.5E-3,-179.3E-3,-184.3E-3,-189.2E-3,-194.3E-3,-199.3E-3,-204.4E-3,-209.5E-3,-214.7E-3,-219.8E-3,-225.1E-3,0.000,495.9E-3,1.885,4.530,6.054,6.782,7.189,7.451,7.634,7.771,7.876,7.959,8.023,1.000,1.000,2.000,2.000,2.000,2.000,2.000,2.000,2.000,2.000,2.000,2.000,2.000,2.280E-12,-323.0E-6,-508.9E-6,-590.8E-6,-643.9E-6,-690.3E-6,-734.3E-6,-777.2E-6,-819.6E-6,-861.6E-6,-903.6E-6,-945.4E-6,-987.1E-6,0.000,3.912,4.376,4.642,4.562,4.412,4.250,4.091,3.938,3.792,3.654,3.524,3.400,0.000,89.00E-6,139.5E-6,160.9E-6,166.2E-6,166.9E-6,165.8E-6,163.6E-6,160.7E-6,157.2E-6,153.2E-6,148.9E-6,144.3E-6,0.000,1.263E-3,2.227E-3,2.743E-3,2.938E-3,3.045E-3,3.121E-3,3.179E-3,3.227E-3,3.268E-3,3.302E-3,3.331E-3,3.356E-3,3.968E-3,2.548E-3,1.182E-3,605.5E-6,485.3E-6,449.0E-6,434.1E-6,426.7E-6,422.7E-6,420.5E-6,419.2E-6,418.5E-6,418.3E-6,0.000,108.2E9,200.5E9,261.4E9,285.7E9,298.1E9,306.9E9,314.5E9,321.4E9,327.5E9,332.7E9,337.0E9,340.6E9,976.5E-18,905.8E-18,845.3E-18,794.2E-18,754.6E-18,722.1E-18,694.5E-18,670.5E-18,649.4E-18,630.7E-18,614.0E-18,599.0E-18,585.4E-18,976.5E-18,974.6E-18,971.4E-18,968.5E-18,967.7E-18,967.5E-18,967.4E-18,967.4E-18,967.4E-18,967.4E-18,967.4E-18,967.4E-18,967.4E-18,938.8E-18,993.5E-18,1.093E-15,1.154E-15,1.160E-15,1.159E-15,1.158E-15,1.158E-15,1.158E-15,1.158E-15,1.158E-15,1.158E-15,1.157E-15,938.8E-18,846.2E-18,649.2E-18,482.4E-18,440.5E-18,429.9E-18,422.8E-18,413.7E-18,402.9E-18,392.8E-18,384.7E-18,378.3E-18,373.2E-18,15.78E-18,18.44E-18,25.74E-18,33.76E-18,36.39E-18,37.07E-18,37.28E-18,37.36E-18,37.39E-18,37.40E-18,37.41E-18,37.42E-18,37.42E-18,-190.0E-18,-221.9E-18,-290.9E-18,-336.6E-18,-341.3E-18,-340.7E-18,-340.1E-18,-339.8E-18,-339.6E-18,-339.5E-18,-339.5E-18,-339.5E-18,-339.5E-18
750.0E-3,0.000,123.6E-3,368.8E-3,828.3E-3,1.425,1.977,2.399,2.706,2.935,3.116,3.266,3.396,3.510,-189.3E-3,-191.8E-3,-196.3E-3,-201.4E-3,-206.5E-3,-211.7E-3,-216.9E-3,-222.1E-3,-227.4E-3,-232.7E-3,-238.0E-3,-243.3E-3,-248.7E-3,0.000,385.1E-3,1.301,3.532,5.331,6.278,6.806,7.139,7.369,7.538,7.667,7.768,7.847,1.000,1.000,2.000,2.000,2.000,2.000,2.000,2.000,2.000,2.000,2.000,2.000,2.000,3.020E-12,-383.9E-6,-616.9E-6,-727.8E-6,-791.9E-6,-843.8E-6,-891.5E-6,-937.2E-6,-981.7E-6,-1.026E-3,-1.069E-3,-1.112E-3,-1.155E-3,0.000,3.076,3.397,3.747,3.758,3.667,3.553,3.436,3.321,3.211,3.105,3.004,2.908,0.000,84.70E-6,132.0E-6,157.7E-6,164.7E-6,165.3E-6,163.5E-6,160.6E-6,156.9E-6,152.7E-6,148.1E-6,143.2E-6,138.1E-6,0.000,1.181E-3,2.096E-3,2.727E-3,2.976E-3,3.094E-3,3.168E-3,3.220E-3,3.261E-3,3.293E-3,3.319E-3,3.341E-3,3.359E-3,4.603E-3,3.066E-3,1.611E-3,772.2E-6,558.1E-6,492.9E-6,465.4E-6,451.1E-6,442.5E-6,436.8E-6,432.9E-6,430.1E-6,428.0E-6,0.000,99.77E9,184.0E9,253.7E9,284.6E9,298.7E9,307.2E9,313.9E9,319.9E9,325.3E9,329.8E9,333.5E9,336.5E9,977.2E-18,906.8E-18,847.6E-18,796.4E-18,755.9E-18,723.1E-18,695.4E-18,671.3E-18,650.2E-18,631.5E-18,614.8E-18,599.8E-18,586.2E-18,977.2E-18,975.5E-18,972.8E-18,969.8E-18,968.6E-18,968.3E-18,968.2E-18,968.1E-18,968.1E-18,968.1E-18,968.1E-18,968.1E-18,968.1E-18,948.5E-18,997.5E-18,1.086E-15,1.164E-15,1.180E-15,1.180E-15,1.179E-15,1.179E-15,1.178E-15,1.178E-15,1.178E-15,1.178E-15,1.178E-15,948.5E-18,870.0E-18,705.6E-18,516.8E-18,450.7E-18,434.1E-18,426.7E-18,418.7E-18,408.4E-18,397.7E-18,388.5E-18,381.3E-18,375.6E-18,14.19E-18,16.22E-18,21.75E-18,29.85E-18,33.54E-18,34.62E-18,34.96E-18,35.09E-18,35.14E-18,35.16E-18,35.18E-18,35.18E-18,35.19E-18,-193.3E-18,-221.5E-18,-281.4E-18,-339.8E-18,-351.6E-18,-351.7E-18,-351.1E-18,-350.7E-18,-350.5E-18,-350.3E-18,-350.3E-18,-350.2E-18,-350.2E-18
800.0E-3,0.000,120.2E-3,345.8E-3,770.2E-3,1.370,1.994,2.517,2.916,3.216,3.449,3.637,3.795,3.930,-211.9E-3,-214.5E-3,-219.3E-3,-224.5E-3,-229.8E-3,-235.1E-3,-240.5E-3,-245.8E-3,-251.2E-3,-256.6E-3,-262.1E-3,-267.5E-3,-273.0E-3,0.000,299.9E-3,944.7E-3,2.638,4.529,5.691,6.358,6.776,7.060,7.267,7.424,7.546,7.642,1.000,1.000,1.000,2.000,2.000,2.000,2.000,2.000,2.000,2.000,2.000,2.000,2.000,3.958E-12,-440.0E-6,-717.1E-6,-861.3E-6,-939.6E-6,-998.0E-6,-1.049E-3,-1.098E-3,-1.144E-3,-1.190E-3,-1.234E-3,-1.278E-3,-1.322E-3,0.000,2.432,2.680,3.032,3.120,3.080,3.005,2.920,2.834,2.750,2.669,2.590,2.516,0.000,78.33E-6,121.4E-6,148.7E-6,158.0E-6,159.2E-6,157.3E-6,154.1E-6,150.0E-6,145.4E-6,140.5E-6,135.3E-6,129.8E-6,0.000,1.070E-3,1.922E-3,2.612E-3,2.932E-3,3.074E-3,3.154E-3,3.206E-3,3.243E-3,3.272E-3,3.294E-3,3.311E-3,3.325E-3,5.160E-3,3.569E-3,2.034E-3,989.9E-6,647.4E-6,540.2E-6,496.0E-6,473.1E-6,459.3E-6,450.2E-6,443.7E-6,438.8E-6,435.1E-6,0.000,89.48E9,165.5E9,237.3E9,276.0E9,293.2E9,302.4E9,308.8E9,314.2E9,319.1E9,323.3E9,326.7E9,329.4E9,977.7E-18,907.7E-18,849.3E-18,798.5E-18,757.2E-18,724.1E-18,696.2E-18,672.1E-18,650.9E-18,632.2E-18,615.5E-18,600.5E-18,586.9E-18,977.7E-18,976.2E-18,973.9E-18,971.0E-18,969.4E-18,968.9E-18,968.8E-18,968.7E-18,968.7E-18,968.7E-18,968.7E-18,968.7E-18,968.7E-18,956.3E-18,1.001E-15,1.078E-15,1.166E-15,1.194E-15,1.197E-15,1.196E-15,1.196E-15,1.195E-15,1.195E-15,1.195E-15,1.195E-15,1.195E-15,956.3E-18,888.4E-18,752.3E-18,559.0E-18,465.6E-18,439.6E-18,430.4E-18,423.2E-18,413.9E-18,403.0E-18,392.9E-18,384.7E-18,378.3E-18,12.91E-18,14.50E-18,18.69E-18,26.17E-18,30.83E-18,32.41E-18,32.93E-18,33.13E-18,33.21E-18,33.25E-18,33.27E-18,33.28E-18,33.29E-18,-195.9E-18,-221.2E-18,-272.3E-18,-337.1E-18,-358.5E-18,-360.7E-18,-360.2E-18,-359.7E-18,-359.4E-18,-359.2E-18,-359.1E-18,-359.0E-18,-359.0E-18
850.0E-3,0.000,117.4E-3,326.7E-3,715.6E-3,1.296,1.959,2.570,3.065,3.449,3.746,3.983,4.178,4.340,-235.6E-3,-238.2E-3,-243.1E-3,-248.4E-3,-253.9E-3,-259.3E-3,-264.8E-3,-270.3E-3,-275.8E-3,-281.3E-3,-286.9E-3,-292.4E-3,-298.0E-3,0.000,234.3E-3,722.9E-3,1.935,3.713,5.040,5.853,6.365,6.712,6.962,7.150,7.296,7.411,1.000,1.000,1.000,2.000,2.000,2.000,2.000,2.000,2.000,2.000,2.000,2.000,2.000,5.141E-12,-490.2E-6,-808.4E-6,-987.2E-6,-1.083E-3,-1.150E-3,-1.206E-3,-1.257E-3,-1.305E-3,-1.352E-3,-1.397E-3,-1.442E-3,-1.487E-3,0.000,1.934,2.160,2.461,2.607,2.612,2.568,2.508,2.445,2.381,2.318,2.257,2.198,0.000,71.00E-6,110.2E-6,135.9E-6,147.8E-6,150.0E-6,148.4E-6,145.1E-6,141.0E-6,136.3E-6,131.2E-6,125.8E-6,120.3E-6,0.000,947.9E-6,1.746E-3,2.429E-3,2.825E-3,3.003E-3,3.096E-3,3.152E-3,3.191E-3,3.218E-3,3.239E-3,3.255E-3,3.267E-3,5.638E-3,4.046E-3,2.415E-3,1.255E-3,760.8E-6,595.8E-6,528.9E-6,495.2E-6,475.4E-6,462.3E-6,453.0E-6,446.1E-6,440.9E-6,0.000,78.61E9,148.1E9,216.1E9,261.8E9,283.2E9,294.0E9,300.7E9,305.9E9,310.6E9,314.7E9,318.0E9,320.7E9,978.1E-18,908.3E-18,850.6E-18,800.5E-18,758.6E-18,725.0E-18,696.9E-18,672.7E-18,651.5E-18,632.8E-18,616.0E-18,601.0E-18,587.4E-18,978.1E-18,976.8E-18,974.8E-18,972.1E-18,970.2E-18,969.5E-18,969.3E-18,969.2E-18,969.2E-18,969.1E-18,969.1E-18,969.1E-18,969.1E-18,962.5E-18,1.003E-15,1.070E-15,1.161E-15,1.203E-15,1.210E-15,1.211E-15,1.210E-15,1.209E-15,1.209E-15,1.209E-15,1.209E-15,1.209E-15,962.5E-18,903.0E-18,789.7E-18,605.0E-18,486.0E-18,447.1E-18,434.3E-18,427.1E-18,419.0E-18,408.6E-18,397.8E-18,388.6E-18,381.3E-18,11.86E-18,13.12E-18,16.33E-18,22.85E-18,28.19E-18,30.36E-18,31.13E-18,31.42E-18,31.55E-18,31.61E-18,31.64E-18,31.65E-18,31.66E-18,-198.0E-18,-220.9E-18,-264.4E-18,-330.1E-18,-362.0E-18,-367.6E-18,-367.6E-18,-367.1E-18,-366.7E-18,-366.5E-18,-366.3E-18,-366.2E-18,-366.2E-18
900.0E-3,0.000,115.2E-3,310.8E-3,666.9E-3,1.215,1.889,2.563,3.149,3.622,3.995,4.292,4.533,4.731,-260.0E-3,-262.7E-3,-267.7E-3,-273.1E-3,-278.7E-3,-284.2E-3,-289.8E-3,-295.4E-3,-301.0E-3,-306.6E-3,-312.2E-3,-317.8E-3,-323.5E-3,0.000,184.1E-3,573.4E-3,1.431,2.957,4.358,5.303,5.915,6.329,6.627,6.850,7.022,7.158,1.000,1.000,1.000,2.000,2.000,2.000,2.000,2.000,2.000,2.000,2.000,2.000,2.000,6.625E-12,-534.2E-6,-891.1E-6,-1.103E-3,-1.221E-3,-1.297E-3,-1.358E-3,-1.412E-3,-1.462E-3,-1.511E-3,-1.557E-3,-1.603E-3,-1.648E-3,0.000,1.547,1.773,2.009,2.189,2.231,2.214,2.176,2.130,2.081,2.033,1.985,1.938,0.000,63.49E-6,99.42E-6,121.6E-6,135.1E-6,138.8E-6,137.8E-6,134.7E-6,130.6E-6,126.0E-6,120.9E-6,115.6E-6,110.0E-6,0.000,826.4E-6,1.580E-3,2.216E-3,2.672E-3,2.894E-3,3.007E-3,3.072E-3,3.114E-3,3.144E-3,3.165E-3,3.182E-3,3.194E-3,6.042E-3,4.489E-3,2.755E-3,1.549E-3,903.5E-6,664.0E-6,567.0E-6,519.4E-6,492.0E-6,474.4E-6,462.1E-6,453.1E-6,446.2E-6,0.000,68.09E9,132.5E9,193.5E9,243.7E9,269.9E9,283.1E9,290.6E9,296.0E9,300.5E9,304.6E9,308.1E9,310.8E9,978.5E-18,908.8E-18,851.6E-18,802.1E-18,760.0E-18,725.8E-18,697.5E-18,673.2E-18,652.0E-18,633.2E-18,616.5E-18,601.4E-18,587.8E-18,978.5E-18,977.2E-18,975.5E-18,973.0E-18,971.0E-18,970.0E-18,969.7E-18,969.6E-18,969.5E-18,969.5E-18,969.5E-18,969.5E-18,969.5E-18,967.5E-18,1.005E-15,1.063E-15,1.152E-15,1.207E-15,1.221E-15,1.222E-15,1.222E-15,1.221E-15,1.221E-15,1.220E-15,1.220E-15,1.220E-15,967.5E-18,914.7E-18,819.4E-18,650.8E-18,512.3E-18,457.2E-18,439.0E-18,430.8E-18,423.5E-18,414.1E-18,403.2E-18,393.0E-18,384.8E-18,10.97E-18,11.99E-18,14.50E-18,19.97E-18,25.64E-18,28.42E-18,29.49E-18,29.91E-18,30.09E-18,30.18E-18,30.22E-18,30.25E-18,30.26E-18,-199.6E-18,-220.6E-18,-257.8E-18,-320.5E-18,-362.0E-18,-372.5E-18,-373.6E-18,-373.2E-18,-372.8E-18,-372.5E-18,-372.3E-18,-372.2E-18,-372.1E-18
950.0E-3,0.000,113.3E-3,297.6E-3,624.7E-3,1.136,1.798,2.510,3.171,3.732,4.188,4.555,4.852,5.094,-285.1E-3,-287.9E-3,-292.9E-3,-298.4E-3,-304.1E-3,-309.7E-3,-315.3E-3,-321.0E-3,-326.7E-3,-332.3E-3,-338.0E-3,-343.7E-3,-349.4E-3,0.000,145.9E-3,463.7E-3,1.088,2.313,3.684,4.726,5.434,5.919,6.268,6.528,6.729,6.887,1.000,1.000,1.000,2.000,2.000,2.000,2.000,2.000,2.000,2.000,2.000,2.000,2.000,8.476E-12,-572.4E-6,-965.8E-6,-1.208E-3,-1.350E-3,-1.438E-3,-1.505E-3,-1.563E-3,-1.616E-3,-1.666E-3,-1.713E-3,-1.760E-3,-1.805E-3,0.000,1.247,1.475,1.659,1.844,1.917,1.923,1.902,1.871,1.835,1.797,1.760,1.723,0.000,56.32E-6,89.33E-6,107.5E-6,121.3E-6,126.3E-6,126.1E-6,123.4E-6,119.6E-6,115.0E-6,110.1E-6,104.8E-6,99.36E-6,0.000,713.7E-6,1.424E-3,2.004E-3,2.489E-3,2.757E-3,2.895E-3,2.974E-3,3.023E-3,3.056E-3,3.079E-3,3.097E-3,3.110E-3,6.381E-3,4.892E-3,3.072E-3,1.842E-3,1.076E-3,748.5E-6,612.7E-6,547.2E-6,510.6E-6,487.5E-6,471.7E-6,460.2E-6,451.6E-6,0.000,58.50E9,118.4E9,172.3E9,223.5E9,254.5E9,270.4E9,279.3E9,285.2E9,289.7E9,293.9E9,297.5E9,300.4E9,978.8E-18,909.2E-18,852.3E-18,803.5E-18,761.4E-18,726.7E-18,698.1E-18,673.6E-18,652.3E-18,633.6E-18,616.8E-18,601.8E-18,588.2E-18,978.8E-18,977.6E-18,976.0E-18,973.8E-18,971.7E-18,970.5E-18,970.1E-18,969.9E-18,969.8E-18,969.8E-18,969.8E-18,969.8E-18,969.8E-18,971.7E-18,1.006E-15,1.058E-15,1.140E-15,1.206E-15,1.227E-15,1.231E-15,1.231E-15,1.231E-15,1.230E-15,1.230E-15,1.230E-15,1.230E-15,971.7E-18,924.3E-18,843.1E-18,693.4E-18,543.5E-18,470.8E-18,444.8E-18,434.4E-18,427.5E-18,419.3E-18,408.8E-18,397.9E-18,388.7E-18,10.21E-18,11.05E-18,13.05E-18,17.55E-18,23.18E-18,26.55E-18,27.97E-18,28.55E-18,28.80E-18,28.93E-18,28.99E-18,29.02E-18,29.04E-18,-200.9E-18,-220.2E-18,-252.5E-18,-310.1E-18,-358.6E-18,-375.3E-18,-378.3E-18,-378.2E-18,-377.8E-18,-377.5E-18,-377.2E-18,-377.0E-18,-376.9E-18
1.000,0.000,111.8E-3,286.5E-3,588.6E-3,1.062,1.699,2.424,3.141,3.782,4.322,4.765,5.126,5.422,-310.8E-3,-313.5E-3,-318.7E-3,-324.3E-3,-329.9E-3,-335.6E-3,-341.3E-3,-347.1E-3,-352.8E-3,-358.5E-3,-364.2E-3,-370.0E-3,-375.7E-3,0.000,116.8E-3,378.8E-3,858.1E-3,1.803,3.056,4.144,4.933,5.489,5.889,6.188,6.419,6.601,1.000,1.000,1.000,1.000,2.000,2.000,2.000,2.000,2.000,2.000,2.000,2.000,2.000,10.78E-12,-605.3E-6,-1.033E-3,-1.303E-3,-1.469E-3,-1.572E-3,-1.647E-3,-1.709E-3,-1.764E-3,-1.816E-3,-1.865E-3,-1.912E-3,-1.958E-3,0.000,1.014,1.238,1.391,1.560,1.655,1.681,1.675,1.655,1.629,1.601,1.572,1.542,0.000,49.75E-6,79.95E-6,94.79E-6,107.1E-6,113.2E-6,113.8E-6,111.7E-6,108.1E-6,103.8E-6,98.95E-6,93.85E-6,88.53E-6,0.000,613.8E-6,1.279E-3,1.813E-3,2.291E-3,2.602E-3,2.768E-3,2.862E-3,2.920E-3,2.959E-3,2.986E-3,3.005E-3,3.020E-3,6.666E-3,5.254E-3,3.376E-3,2.112E-3,1.271E-3,851.3E-6,668.1E-6,580.2E-6,532.0E-6,502.4E-6,482.5E-6,468.2E-6,457.5E-6,0.000,50.10E9,105.6E9,153.9E9,202.7E9,237.5E9,256.6E9,267.2E9,273.8E9,278.6E9,282.8E9,286.6E9,289.8E9,979.0E-18,909.5E-18,852.9E-18,804.7E-18,762.7E-18,727.6E-18,698.6E-18,674.0E-18,652.7E-18,633.8E-18,617.1E-18,602.0E-18,588.4E-18,979.0E-18,977.9E-18,976.5E-18,974.5E-18,972.3E-18,971.0E-18,970.4E-18,970.2E-18,970.1E-18,970.0E-18,970.0E-18,970.0E-18,970.0E-18,975.1E-18,1.007E-15,1.053E-15,1.128E-15,1.200E-15,1.231E-15,1.238E-15,1.239E-15,1.239E-15,1.238E-15,1.238E-15,1.238E-15,1.237E-15,975.1E-18,932.3E-18,862.2E-18,731.2E-18,578.1E-18,488.1E-18,452.5E-18,438.5E-18,431.0E-18,423.9E-18,414.4E-18,403.3E-18,393.1E-18,9.559E-18,10.26E-18,11.87E-18,15.55E-18,20.87E-18,24.71E-18,26.53E-18,27.31E-18,27.65E-18,27.82E-18,27.91E-18,27.96E-18,27.98E-18,-202.0E-18,-219.9E-18,-248.1E-18,-299.8E-18,-352.4E-18,-376.0E-18,-381.6E-18,-382.3E-18,-381.9E-18,-381.6E-18,-381.3E-18,-381.1E-18,-380.9E-18
1.050,0.000,110.4E-3,277.2E-3,557.6E-3,996.5E-3,1.600,2.319,3.070,3.776,4.395,4.918,5.351,5.708,-336.9E-3,-339.7E-3,-344.9E-3,-350.5E-3,-356.2E-3,-362.0E-3,-367.8E-3,-373.5E-3,-379.3E-3,-385.1E-3,-390.8E-3,-396.6E-3,-402.4E-3,0.000,94.67E-3,311.9E-3,700.2E-3,1.418,2.503,3.580,4.427,5.045,5.497,5.836,6.097,6.303,1.000,1.000,1.000,1.000,2.000,2.000,2.000,2.000,2.000,2.000,2.000,2.000,2.000,13.63E-12,-633.5E-6,-1.093E-3,-1.389E-3,-1.578E-3,-1.698E-3,-1.782E-3,-1.849E-3,-1.907E-3,-1.961E-3,-2.012E-3,-2.060E-3,-2.107E-3,0.000,833.3E-3,1.047,1.186,1.328,1.434,1.476,1.483,1.474,1.456,1.435,1.412,1.389,0.000,43.88E-6,71.34E-6,83.65E-6,93.46E-6,99.88E-6,101.3E-6,99.69E-6,96.47E-6,92.39E-6,87.78E-6,82.84E-6,77.68E-6,0.000,527.9E-6,1.145E-3,1.648E-3,2.096E-3,2.434E-3,2.630E-3,2.742E-3,2.811E-3,2.856E-3,2.887E-3,2.910E-3,2.926E-3,6.905E-3,5.577E-3,3.672E-3,2.354E-3,1.478E-3,972.4E-6,734.7E-6,619.5E-6,557.2E-6,519.5E-6,494.7E-6,477.2E-6,464.3E-6,0.000,42.95E9,94.05E9,138.5E9,182.9E9,219.7E9,241.9E9,254.5E9,262.2E9,267.4E9,271.7E9,275.6E9,279.0E9,979.2E-18,909.8E-18,853.3E-18,805.6E-18,763.9E-18,728.5E-18,699.2E-18,674.4E-18,653.0E-18,634.1E-18,617.3E-18,602.2E-18,588.6E-18,979.2E-18,978.1E-18,976.8E-18,975.0E-18,973.0E-18,971.5E-18,970.7E-18,970.4E-18,970.3E-18,970.2E-18,970.2E-18,970.1E-18,970.1E-18,977.9E-18,1.008E-15,1.049E-15,1.117E-15,1.191E-15,1.231E-15,1.243E-15,1.245E-15,1.245E-15,1.245E-15,1.244E-15,1.244E-15,1.244E-15,977.9E-18,938.9E-18,877.6E-18,763.8E-18,614.3E-18,509.3E-18,462.2E-18,443.4E-18,434.5E-18,427.8E-18,419.6E-18,409.0E-18,398.1E-18,8.989E-18,9.578E-18,10.90E-18,13.90E-18,18.75E-18,22.92E-18,25.14E-18,26.15E-18,26.61E-18,26.84E-18,26.96E-18,27.02E-18,27.06E-18,-202.8E-18,-219.5E-18,-244.6E-18,-290.4E-18,-344.2E-18,-374.5E-18,-383.7E-18,-385.4E-18,-385.3E-18,-384.9E-18,-384.6E-18,-384.4E-18,-384.2E-18
1.100,0.000,109.3E-3,269.3E-3,531.1E-3,938.3E-3,1.506,2.206,2.971,3.725,4.415,5.014,5.523,5.947,-363.4E-3,-366.2E-3,-371.4E-3,-377.1E-3,-382.9E-3,-388.7E-3,-394.5E-3,-400.3E-3,-406.1E-3,-411.9E-3,-417.7E-3,-423.6E-3,-429.4E-3,0.000,77.70E-3,258.7E-3,586.2E-3,1.138,2.040,3.055,3.928,4.597,5.096,5.474,5.766,5.996,1.000,1.000,1.000,1.000,2.000,2.000,2.000,2.000,2.000,2.000,2.000,2.000,2.000,17.15E-12,-657.8E-6,-1.147E-3,-1.468E-3,-1.678E-3,-1.815E-3,-1.909E-3,-1.983E-3,-2.045E-3,-2.101E-3,-2.153E-3,-2.203E-3,-2.251E-3,0.000,692.4E-3,892.3E-3,1.027,1.141,1.246,1.301,1.320,1.319,1.309,1.294,1.276,1.258,0.000,38.70E-6,63.49E-6,74.00E-6,80.92E-6,86.83E-6,88.80E-6,87.70E-6,84.86E-6,81.04E-6,76.64E-6,71.89E-6,66.89E-6,0.000,455.5E-6,1.024E-3,1.507E-3,1.914E-3,2.262E-3,2.485E-3,2.616E-3,2.697E-3,2.749E-3,2.785E-3,2.811E-3,2.831E-3,7.109E-3,5.862E-3,3.957E-3,2.571E-3,1.682E-3,1.109E-3,813.3E-6,666.0E-6,586.7E-6,539.5E-6,508.9E-6,487.6E-6,472.1E-6,0.000,36.95E9,83.70E9,125.6E9,165.0E9,201.9E9,226.7E9,241.4E9,250.3E9,256.2E9,260.7E9,264.7E9,268.3E9,979.4E-18,910.0E-18,853.7E-18,806.3E-18,765.0E-18,729.5E-18,699.8E-18,674.8E-18,653.2E-18,634.3E-18,617.4E-18,602.3E-18,588.7E-18,979.4E-18,978.3E-18,977.1E-18,975.5E-18,973.5E-18,971.9E-18,971.0E-18,970.6E-18,970.4E-18,970.3E-18,970.3E-18,970.3E-18,970.2E-18,980.2E-18,1.008E-15,1.046E-15,1.106E-15,1.180E-15,1.228E-15,1.246E-15,1.250E-15,1.251E-15,1.250E-15,1.250E-15,1.250E-15,1.249E-15,980.2E-18,944.5E-18,890.4E-18,791.5E-18,650.2E-18,533.9E-18,474.5E-18,449.4E-18,438.2E-18,431.3E-18,424.1E-18,414.6E-18,403.5E-18,8.487E-18,8.988E-18,10.09E-18,12.55E-18,16.85E-18,21.16E-18,23.78E-18,25.05E-18,25.66E-18,25.95E-18,26.11E-18,26.20E-18,26.25E-18,-203.5E-18,-219.1E-18,-241.5E-18,-282.0E-18,-334.8E-18,-370.8E-18,-384.3E-18,-387.6E-18,-388.0E-18,-387.7E-18,-387.4E-18,-387.1E-18,-386.9E-18
1.150,0.000,108.3E-3,262.5E-3,508.3E-3,887.3E-3,1.420,2.092,2.855,3.640,4.386,5.058,5.641,6.136,-390.3E-3,-393.1E-3,-398.3E-3,-404.1E-3,-409.9E-3,-415.7E-3,-421.6E-3,-427.4E-3,-433.2E-3,-439.1E-3,-444.9E-3,-450.8E-3,-456.6E-3,0.000,64.57E-3,216.4E-3,499.0E-3,937.2E-3,1.668,2.585,3.451,4.153,4.693,5.107,5.429,5.684,1.000,1.000,1.000,1.000,1.000,2.000,2.000,2.000,2.000,2.000,2.000,2.000,2.000,21.48E-12,-678.8E-6,-1.195E-3,-1.539E-3,-1.769E-3,-1.924E-3,-2.030E-3,-2.110E-3,-2.177E-3,-2.236E-3,-2.290E-3,-2.341E-3,-2.390E-3,0.000,581.6E-3,765.6E-3,899.3E-3,991.5E-3,1.088,1.151,1.178,1.185,1.181,1.171,1.159,1.144,0.000,34.14E-6,56.39E-6,65.54E-6,69.77E-6,74.37E-6,76.52E-6,75.84E-6,73.34E-6,69.79E-6,65.62E-6,61.05E-6,56.22E-6,0.000,394.8E-6,914.9E-6,1.384E-3,1.754E-3,2.093E-3,2.336E-3,2.486E-3,2.580E-3,2.640E-3,2.682E-3,2.712E-3,2.734E-3,7.282E-3,6.115E-3,4.229E-3,2.774E-3,1.872E-3,1.255E-3,903.4E-6,720.4E-6,621.1E-6,562.6E-6,525.2E-6,499.6E-6,481.1E-6,0.000,31.96E9,74.55E9,114.6E9,149.5E9,184.7E9,211.4E9,228.1E9,238.4E9,245.1E9,249.9E9,254.0E9,257.7E9,979.6E-18,910.2E-18,854.0E-18,806.9E-18,766.0E-18,730.4E-18,700.4E-18,675.1E-18,653.4E-18,634.4E-18,617.5E-18,602.4E-18,588.8E-18,979.6E-18,978.5E-18,977.3E-18,975.9E-18,974.0E-18,972.3E-18,971.3E-18,970.8E-18,970.6E-18,970.4E-18,970.4E-18,970.3E-18,970.3E-18,982.1E-18,1.009E-15,1.043E-15,1.097E-15,1.168E-15,1.222E-15,1.246E-15,1.254E-15,1.255E-15,1.255E-15,1.254E-15,1.254E-15,1.254E-15,982.1E-18,949.2E-18,900.9E-18,814.9E-18,684.3E-18,561.3E-18,489.6E-18,457.0E-18,442.4E-18,434.6E-18,428.1E-18,419.8E-18,409.2E-18,8.042E-18,8.471E-18,9.396E-18,11.43E-18,15.18E-18,19.46E-18,22.43E-18,24.00E-18,24.76E-18,25.15E-18,25.35E-18,25.46E-18,25.53E-18,-204.0E-18,-218.7E-18,-239.0E-18,-274.7E-18,-324.9E-18,-365.3E-18,-383.5E-18,-389.0E-18,-390.0E-18,-389.9E-18,-389.6E-18,-389.3E-18,-389.1E-18
1.200,0.000,107.5E-3,256.7E-3,488.7E-3,842.7E-3,1.342,1.983,2.732,3.531,4.320,5.053,5.707,6.275,-417.4E-3,-420.3E-3,-425.5E-3,-431.3E-3,-437.1E-3,-443.0E-3,-448.9E-3,-454.7E-3,-460.6E-3,-466.5E-3,-472.3E-3,-478.2E-3,-484.1E-3,0.000,54.29E-3,182.6E-3,429.1E-3,791.8E-3,1.377,2.179,3.008,3.723,4.294,4.740,5.089,5.367,1.000,1.000,1.000,1.000,1.000,2.000,2.000,2.000,2.000,2.000,2.000,2.000,2.000,26.80E-12,-697.1E-6,-1.238E-3,-1.606E-3,-1.853E-3,-2.024E-3,-2.143E-3,-2.231E-3,-2.303E-3,-2.365E-3,-2.421E-3,-2.474E-3,-2.524E-3,0.000,493.7E-3,661.5E-3,794.0E-3,873.0E-3,955.4E-3,1.021,1.055,1.069,1.070,1.065,1.056,1.045,0.000,30.12E-6,49.98E-6,57.99E-6,60.04E-6,62.78E-6,64.63E-6,64.20E-6,62.00E-6,58.71E-6,54.74E-6,50.36E-6,45.70E-6,0.000,344.1E-6,819.0E-6,1.275E-3,1.618E-3,1.934E-3,2.187E-3,2.354E-3,2.461E-3,2.530E-3,2.578E-3,2.612E-3,2.638E-3,7.432E-3,6.339E-3,4.486E-3,2.971E-3,2.043E-3,1.404E-3,1.003E-3,782.6E-6,660.8E-6,589.2E-6,543.9E-6,513.3E-6,491.4E-6,0.000,27.80E9,66.54E9,104.9E9,136.6E9,168.8E9,196.2E9,214.7E9,226.4E9,234.0E9,239.3E9,243.6E9,247.4E9,979.7E-18,910.4E-18,854.3E-18,807.4E-18,766.8E-18,731.3E-18,701.1E-18,675.5E-18,653.7E-18,634.5E-18,617.6E-18,602.5E-18,588.8E-18,979.7E-18,978.6E-18,977.5E-18,976.2E-18,974.5E-18,972.8E-18,971.6E-18,971.0E-18,970.7E-18,970.5E-18,970.4E-18,970.4E-18,970.4E-18,983.7E-18,1.009E-15,1.040E-15,1.089E-15,1.156E-15,1.214E-15,1.245E-15,1.255E-15,1.258E-15,1.258E-15,1.258E-15,1.258E-15,1.257E-15,983.7E-18,953.2E-18,909.8E-18,834.5E-18,715.7E-18,590.6E-18,507.4E-18,466.3E-18,447.4E-18,437.9E-18,431.5E-18,424.4E-18,414.8E-18,7.645E-18,8.014E-18,8.800E-18,10.49E-18,13.73E-18,17.85E-18,21.10E-18,22.96E-18,23.92E-18,24.41E-18,24.67E-18,24.81E-18,24.90E-18,-204.5E-18,-218.2E-18,-236.8E-18,-268.4E-18,-315.2E-18,-358.3E-18,-381.3E-18,-389.4E-18,-391.5E-18,-391.7E-18,-391.4E-18,-391.1E-18,-390.8E-18
